-5,4,2ekQtYcxBSk7aZ5R/V5GFhnJXOU=,ZRuSpPs+f0tb3WfWRiKELtg616Y=
-4,4,2ekQtYcxBSk7aZ5R/V5GFhnJXOU=,ZRuSpPs+f0tb3WfWRiKELtg616Y=
-5,3,2ekQtYcxBSk7aZ5R/V5GFhnJXOU=,ZRuSpPs+f0tb3WfWRiKELtg616Y=
-4,3,2ekQtYcxBSk7aZ5R/V5GFhnJXOU=,ZRuSpPs+f0tb3WfWRiKELtg616Y=
-5,12,a0hZmsa/ZziKaSLXMivJPj+c2DQ=,iyyabr0rW03h1WpdL4PxTHzdWKQ=
-4,8,a0hZmsa/ZziKaSLXMivJPj+c2DQ=,iyyabr0rW03h1WpdL4PxTHzdWKQ=
-4,5,a0hZmsa/ZziKaSLXMivJPj+c2DQ=,ZRuSpPs+f0tb3WfWRiKELtg616Y=
-4,7,a0hZmsa/ZziKaSLXMivJPj+c2DQ=,ZRuSpPs+f0tb3WfWRiKELtg616Y=
-4,12,a0hZmsa/ZziKaSLXMivJPj+c2DQ=,iyyabr0rW03h1WpdL4PxTHzdWKQ=
-5,7,a0hZmsa/ZziKaSLXMivJPj+c2DQ=,ZRuSpPs+f0tb3WfWRiKELtg616Y=
-5,11,a0hZmsa/ZziKaSLXMivJPj+c2DQ=,iyyabr0rW03h1WpdL4PxTHzdWKQ=
-5,5,a0hZmsa/ZziKaSLXMivJPj+c2DQ=,ZRuSpPs+f0tb3WfWRiKELtg616Y=
-5,6,a0hZmsa/ZziKaSLXMivJPj+c2DQ=,ZRuSpPs+f0tb3WfWRiKELtg616Y=
-4,10,a0hZmsa/ZziKaSLXMivJPj+c2DQ=,iyyabr0rW03h1WpdL4PxTHzdWKQ=
-4,11,a0hZmsa/ZziKaSLXMivJPj+c2DQ=,iyyabr0rW03h1WpdL4PxTHzdWKQ=
-5,9,a0hZmsa/ZziKaSLXMivJPj+c2DQ=,iyyabr0rW03h1WpdL4PxTHzdWKQ=
-5,10,a0hZmsa/ZziKaSLXMivJPj+c2DQ=,iyyabr0rW03h1WpdL4PxTHzdWKQ=
-5,8,a0hZmsa/ZziKaSLXMivJPj+c2DQ=,iyyabr0rW03h1WpdL4PxTHzdWKQ=
-4,6,a0hZmsa/ZziKaSLXMivJPj+c2DQ=,ZRuSpPs+f0tb3WfWRiKELtg616Y=
-4,9,a0hZmsa/ZziKaSLXMivJPj+c2DQ=,iyyabr0rW03h1WpdL4PxTHzdWKQ=
-9,12,a0hZmsa/ZziKaSLXMivJPj+c2DQ=,fN9RDOrnHoeB7uc2v51cT4p6/1g=
-10,12,a0hZmsa/ZziKaSLXMivJPj+c2DQ=,fN9RDOrnHoeB7uc2v51cT4p6/1g=
-6,12,a0hZmsa/ZziKaSLXMivJPj+c2DQ=,iyyabr0rW03h1WpdL4PxTHzdWKQ=
-11,12,a0hZmsa/ZziKaSLXMivJPj+c2DQ=,fN9RDOrnHoeB7uc2v51cT4p6/1g=
-8,12,a0hZmsa/ZziKaSLXMivJPj+c2DQ=,iyyabr0rW03h1WpdL4PxTHzdWKQ=
-6,11,a0hZmsa/ZziKaSLXMivJPj+c2DQ=,iyyabr0rW03h1WpdL4PxTHzdWKQ=
-9,10,a0hZmsa/ZziKaSLXMivJPj+c2DQ=,fN9RDOrnHoeB7uc2v51cT4p6/1g=
-10,10,a0hZmsa/ZziKaSLXMivJPj+c2DQ=,fN9RDOrnHoeB7uc2v51cT4p6/1g=
-11,10,a0hZmsa/ZziKaSLXMivJPj+c2DQ=,fN9RDOrnHoeB7uc2v51cT4p6/1g=
-7,11,a0hZmsa/ZziKaSLXMivJPj+c2DQ=,iyyabr0rW03h1WpdL4PxTHzdWKQ=
-6,3,a0hZmsa/ZziKaSLXMivJPj+c2DQ=,ZRuSpPs+f0tb3WfWRiKELtg616Y=
-7,12,a0hZmsa/ZziKaSLXMivJPj+c2DQ=,iyyabr0rW03h1WpdL4PxTHzdWKQ=
-12,12,a0hZmsa/ZziKaSLXMivJPj+c2DQ=,fN9RDOrnHoeB7uc2v51cT4p6/1g=
-12,10,a0hZmsa/ZziKaSLXMivJPj+c2DQ=,fN9RDOrnHoeB7uc2v51cT4p6/1g=
-9,9,a0hZmsa/ZziKaSLXMivJPj+c2DQ=,fN9RDOrnHoeB7uc2v51cT4p6/1g=
-13,10,a0hZmsa/ZziKaSLXMivJPj+c2DQ=,fN9RDOrnHoeB7uc2v51cT4p6/1g=
-10,9,a0hZmsa/ZziKaSLXMivJPj+c2DQ=,fN9RDOrnHoeB7uc2v51cT4p6/1g=
-12,9,a0hZmsa/ZziKaSLXMivJPj+c2DQ=,fN9RDOrnHoeB7uc2v51cT4p6/1g=
-11,9,a0hZmsa/ZziKaSLXMivJPj+c2DQ=,fN9RDOrnHoeB7uc2v51cT4p6/1g=
-9,8,a0hZmsa/ZziKaSLXMivJPj+c2DQ=,fN9RDOrnHoeB7uc2v51cT4p6/1g=
-13,9,a0hZmsa/ZziKaSLXMivJPj+c2DQ=,fN9RDOrnHoeB7uc2v51cT4p6/1g=
-10,8,a0hZmsa/ZziKaSLXMivJPj+c2DQ=,fN9RDOrnHoeB7uc2v51cT4p6/1g=
-12,8,a0hZmsa/ZziKaSLXMivJPj+c2DQ=,fN9RDOrnHoeB7uc2v51cT4p6/1g=
-11,8,a0hZmsa/ZziKaSLXMivJPj+c2DQ=,fN9RDOrnHoeB7uc2v51cT4p6/1g=
-13,8,a0hZmsa/ZziKaSLXMivJPj+c2DQ=,fN9RDOrnHoeB7uc2v51cT4p6/1g=
-9,7,a0hZmsa/ZziKaSLXMivJPj+c2DQ=,xyobLyciJcmPlJVsknmBjcjFHDE=
-10,7,a0hZmsa/ZziKaSLXMivJPj+c2DQ=,xyobLyciJcmPlJVsknmBjcjFHDE=
-12,6,a0hZmsa/ZziKaSLXMivJPj+c2DQ=,xyobLyciJcmPlJVsknmBjcjFHDE=
-9,6,a0hZmsa/ZziKaSLXMivJPj+c2DQ=,xyobLyciJcmPlJVsknmBjcjFHDE=
-10,6,a0hZmsa/ZziKaSLXMivJPj+c2DQ=,xyobLyciJcmPlJVsknmBjcjFHDE=
-11,7,a0hZmsa/ZziKaSLXMivJPj+c2DQ=,xyobLyciJcmPlJVsknmBjcjFHDE=
-11,6,a0hZmsa/ZziKaSLXMivJPj+c2DQ=,xyobLyciJcmPlJVsknmBjcjFHDE=
-13,7,a0hZmsa/ZziKaSLXMivJPj+c2DQ=,xyobLyciJcmPlJVsknmBjcjFHDE=
-12,7,a0hZmsa/ZziKaSLXMivJPj+c2DQ=,xyobLyciJcmPlJVsknmBjcjFHDE=
-13,6,a0hZmsa/ZziKaSLXMivJPj+c2DQ=,xyobLyciJcmPlJVsknmBjcjFHDE=
-13,5,a0hZmsa/ZziKaSLXMivJPj+c2DQ=,xyobLyciJcmPlJVsknmBjcjFHDE=
-12,5,a0hZmsa/ZziKaSLXMivJPj+c2DQ=,xyobLyciJcmPlJVsknmBjcjFHDE=
-9,5,a0hZmsa/ZziKaSLXMivJPj+c2DQ=,xyobLyciJcmPlJVsknmBjcjFHDE=
-10,5,a0hZmsa/ZziKaSLXMivJPj+c2DQ=,xyobLyciJcmPlJVsknmBjcjFHDE=
-9,4,a0hZmsa/ZziKaSLXMivJPj+c2DQ=,xyobLyciJcmPlJVsknmBjcjFHDE=
-10,4,a0hZmsa/ZziKaSLXMivJPj+c2DQ=,xyobLyciJcmPlJVsknmBjcjFHDE=
-13,4,a0hZmsa/ZziKaSLXMivJPj+c2DQ=,xyobLyciJcmPlJVsknmBjcjFHDE=
-11,4,a0hZmsa/ZziKaSLXMivJPj+c2DQ=,xyobLyciJcmPlJVsknmBjcjFHDE=
-12,4,a0hZmsa/ZziKaSLXMivJPj+c2DQ=,xyobLyciJcmPlJVsknmBjcjFHDE=
-9,3,a0hZmsa/ZziKaSLXMivJPj+c2DQ=,xyobLyciJcmPlJVsknmBjcjFHDE=
-10,3,a0hZmsa/ZziKaSLXMivJPj+c2DQ=,xyobLyciJcmPlJVsknmBjcjFHDE=
-8,6,a0hZmsa/ZziKaSLXMivJPj+c2DQ=,ZRuSpPs+f0tb3WfWRiKELtg616Y=
-8,4,a0hZmsa/ZziKaSLXMivJPj+c2DQ=,ZRuSpPs+f0tb3WfWRiKELtg616Y=
-7,6,a0hZmsa/ZziKaSLXMivJPj+c2DQ=,ZRuSpPs+f0tb3WfWRiKELtg616Y=
-12,3,a0hZmsa/ZziKaSLXMivJPj+c2DQ=,xyobLyciJcmPlJVsknmBjcjFHDE=
-11,3,a0hZmsa/ZziKaSLXMivJPj+c2DQ=,xyobLyciJcmPlJVsknmBjcjFHDE=
-13,3,a0hZmsa/ZziKaSLXMivJPj+c2DQ=,xyobLyciJcmPlJVsknmBjcjFHDE=
-8,8,a0hZmsa/ZziKaSLXMivJPj+c2DQ=,iyyabr0rW03h1WpdL4PxTHzdWKQ=
-8,10,a0hZmsa/ZziKaSLXMivJPj+c2DQ=,iyyabr0rW03h1WpdL4PxTHzdWKQ=
-6,6,a0hZmsa/ZziKaSLXMivJPj+c2DQ=,ZRuSpPs+f0tb3WfWRiKELtg616Y=
-8,7,a0hZmsa/ZziKaSLXMivJPj+c2DQ=,ZRuSpPs+f0tb3WfWRiKELtg616Y=
-8,9,a0hZmsa/ZziKaSLXMivJPj+c2DQ=,iyyabr0rW03h1WpdL4PxTHzdWKQ=
-7,10,a0hZmsa/ZziKaSLXMivJPj+c2DQ=,iyyabr0rW03h1WpdL4PxTHzdWKQ=
-6,10,a0hZmsa/ZziKaSLXMivJPj+c2DQ=,iyyabr0rW03h1WpdL4PxTHzdWKQ=
-11,5,a0hZmsa/ZziKaSLXMivJPj+c2DQ=,xyobLyciJcmPlJVsknmBjcjFHDE=
-7,8,a0hZmsa/ZziKaSLXMivJPj+c2DQ=,iyyabr0rW03h1WpdL4PxTHzdWKQ=
-7,9,a0hZmsa/ZziKaSLXMivJPj+c2DQ=,iyyabr0rW03h1WpdL4PxTHzdWKQ=
-8,5,a0hZmsa/ZziKaSLXMivJPj+c2DQ=,ZRuSpPs+f0tb3WfWRiKELtg616Y=
-6,8,a0hZmsa/ZziKaSLXMivJPj+c2DQ=,iyyabr0rW03h1WpdL4PxTHzdWKQ=
-6,9,a0hZmsa/ZziKaSLXMivJPj+c2DQ=,iyyabr0rW03h1WpdL4PxTHzdWKQ=
-10,11,a0hZmsa/ZziKaSLXMivJPj+c2DQ=,fN9RDOrnHoeB7uc2v51cT4p6/1g=
-9,11,a0hZmsa/ZziKaSLXMivJPj+c2DQ=,fN9RDOrnHoeB7uc2v51cT4p6/1g=
-7,4,a0hZmsa/ZziKaSLXMivJPj+c2DQ=,ZRuSpPs+f0tb3WfWRiKELtg616Y=
-6,4,a0hZmsa/ZziKaSLXMivJPj+c2DQ=,ZRuSpPs+f0tb3WfWRiKELtg616Y=
-6,7,a0hZmsa/ZziKaSLXMivJPj+c2DQ=,ZRuSpPs+f0tb3WfWRiKELtg616Y=
-12,11,a0hZmsa/ZziKaSLXMivJPj+c2DQ=,fN9RDOrnHoeB7uc2v51cT4p6/1g=
-11,11,a0hZmsa/ZziKaSLXMivJPj+c2DQ=,fN9RDOrnHoeB7uc2v51cT4p6/1g=
-7,3,a0hZmsa/ZziKaSLXMivJPj+c2DQ=,ZRuSpPs+f0tb3WfWRiKELtg616Y=
-13,12,a0hZmsa/ZziKaSLXMivJPj+c2DQ=,fN9RDOrnHoeB7uc2v51cT4p6/1g=
-13,11,a0hZmsa/ZziKaSLXMivJPj+c2DQ=,fN9RDOrnHoeB7uc2v51cT4p6/1g=
-6,5,a0hZmsa/ZziKaSLXMivJPj+c2DQ=,ZRuSpPs+f0tb3WfWRiKELtg616Y=
-8,11,a0hZmsa/ZziKaSLXMivJPj+c2DQ=,iyyabr0rW03h1WpdL4PxTHzdWKQ=
-7,7,a0hZmsa/ZziKaSLXMivJPj+c2DQ=,ZRuSpPs+f0tb3WfWRiKELtg616Y=
-8,3,a0hZmsa/ZziKaSLXMivJPj+c2DQ=,ZRuSpPs+f0tb3WfWRiKELtg616Y=
-7,5,a0hZmsa/ZziKaSLXMivJPj+c2DQ=,ZRuSpPs+f0tb3WfWRiKELtg616Y=
-3,11,ppNKHqwlxM4YQLfw8RYDY5WHBjc=,iyyabr0rW03h1WpdL4PxTHzdWKQ=
-3,12,ppNKHqwlxM4YQLfw8RYDY5WHBjc=,iyyabr0rW03h1WpdL4PxTHzdWKQ=
-2,11,ppNKHqwlxM4YQLfw8RYDY5WHBjc=,iyyabr0rW03h1WpdL4PxTHzdWKQ=
-1,11,ppNKHqwlxM4YQLfw8RYDY5WHBjc=,iyyabr0rW03h1WpdL4PxTHzdWKQ=
-2,12,ppNKHqwlxM4YQLfw8RYDY5WHBjc=,iyyabr0rW03h1WpdL4PxTHzdWKQ=
-1,12,ppNKHqwlxM4YQLfw8RYDY5WHBjc=,iyyabr0rW03h1WpdL4PxTHzdWKQ=
-5,13,ppNKHqwlxM4YQLfw8RYDY5WHBjc=,iyyabr0rW03h1WpdL4PxTHzdWKQ=
-5,14,ppNKHqwlxM4YQLfw8RYDY5WHBjc=,iyyabr0rW03h1WpdL4PxTHzdWKQ=
-5,15,ppNKHqwlxM4YQLfw8RYDY5WHBjc=,iyyabr0rW03h1WpdL4PxTHzdWKQ=
-4,14,ppNKHqwlxM4YQLfw8RYDY5WHBjc=,iyyabr0rW03h1WpdL4PxTHzdWKQ=
-4,13,ppNKHqwlxM4YQLfw8RYDY5WHBjc=,iyyabr0rW03h1WpdL4PxTHzdWKQ=
-4,15,ppNKHqwlxM4YQLfw8RYDY5WHBjc=,iyyabr0rW03h1WpdL4PxTHzdWKQ=
-3,14,ppNKHqwlxM4YQLfw8RYDY5WHBjc=,iyyabr0rW03h1WpdL4PxTHzdWKQ=
-2,14,ppNKHqwlxM4YQLfw8RYDY5WHBjc=,iyyabr0rW03h1WpdL4PxTHzdWKQ=
-1,14,ppNKHqwlxM4YQLfw8RYDY5WHBjc=,iyyabr0rW03h1WpdL4PxTHzdWKQ=
-3,13,ppNKHqwlxM4YQLfw8RYDY5WHBjc=,iyyabr0rW03h1WpdL4PxTHzdWKQ=
-2,13,ppNKHqwlxM4YQLfw8RYDY5WHBjc=,iyyabr0rW03h1WpdL4PxTHzdWKQ=
-1,13,ppNKHqwlxM4YQLfw8RYDY5WHBjc=,iyyabr0rW03h1WpdL4PxTHzdWKQ=
-3,15,ppNKHqwlxM4YQLfw8RYDY5WHBjc=,iyyabr0rW03h1WpdL4PxTHzdWKQ=
-2,15,ppNKHqwlxM4YQLfw8RYDY5WHBjc=,iyyabr0rW03h1WpdL4PxTHzdWKQ=
-1,15,ppNKHqwlxM4YQLfw8RYDY5WHBjc=,iyyabr0rW03h1WpdL4PxTHzdWKQ=
-9,15,ppNKHqwlxM4YQLfw8RYDY5WHBjc=,fN9RDOrnHoeB7uc2v51cT4p6/1g=
-10,15,ppNKHqwlxM4YQLfw8RYDY5WHBjc=,fN9RDOrnHoeB7uc2v51cT4p6/1g=
-12,15,ppNKHqwlxM4YQLfw8RYDY5WHBjc=,fN9RDOrnHoeB7uc2v51cT4p6/1g=
-11,15,ppNKHqwlxM4YQLfw8RYDY5WHBjc=,fN9RDOrnHoeB7uc2v51cT4p6/1g=
-13,15,ppNKHqwlxM4YQLfw8RYDY5WHBjc=,fN9RDOrnHoeB7uc2v51cT4p6/1g=
-9,14,ppNKHqwlxM4YQLfw8RYDY5WHBjc=,fN9RDOrnHoeB7uc2v51cT4p6/1g=
-13,14,ppNKHqwlxM4YQLfw8RYDY5WHBjc=,fN9RDOrnHoeB7uc2v51cT4p6/1g=
-10,13,ppNKHqwlxM4YQLfw8RYDY5WHBjc=,fN9RDOrnHoeB7uc2v51cT4p6/1g=
-10,14,ppNKHqwlxM4YQLfw8RYDY5WHBjc=,fN9RDOrnHoeB7uc2v51cT4p6/1g=
-12,14,ppNKHqwlxM4YQLfw8RYDY5WHBjc=,fN9RDOrnHoeB7uc2v51cT4p6/1g=
-9,13,ppNKHqwlxM4YQLfw8RYDY5WHBjc=,fN9RDOrnHoeB7uc2v51cT4p6/1g=
-11,14,ppNKHqwlxM4YQLfw8RYDY5WHBjc=,fN9RDOrnHoeB7uc2v51cT4p6/1g=
-13,13,ppNKHqwlxM4YQLfw8RYDY5WHBjc=,fN9RDOrnHoeB7uc2v51cT4p6/1g=
-8,14,ppNKHqwlxM4YQLfw8RYDY5WHBjc=,iyyabr0rW03h1WpdL4PxTHzdWKQ=
-11,13,ppNKHqwlxM4YQLfw8RYDY5WHBjc=,fN9RDOrnHoeB7uc2v51cT4p6/1g=
-8,13,ppNKHqwlxM4YQLfw8RYDY5WHBjc=,iyyabr0rW03h1WpdL4PxTHzdWKQ=
-12,13,ppNKHqwlxM4YQLfw8RYDY5WHBjc=,fN9RDOrnHoeB7uc2v51cT4p6/1g=
-7,13,ppNKHqwlxM4YQLfw8RYDY5WHBjc=,iyyabr0rW03h1WpdL4PxTHzdWKQ=
-6,13,ppNKHqwlxM4YQLfw8RYDY5WHBjc=,iyyabr0rW03h1WpdL4PxTHzdWKQ=
-7,14,ppNKHqwlxM4YQLfw8RYDY5WHBjc=,iyyabr0rW03h1WpdL4PxTHzdWKQ=
-6,15,ppNKHqwlxM4YQLfw8RYDY5WHBjc=,iyyabr0rW03h1WpdL4PxTHzdWKQ=
-6,14,ppNKHqwlxM4YQLfw8RYDY5WHBjc=,iyyabr0rW03h1WpdL4PxTHzdWKQ=
-8,15,ppNKHqwlxM4YQLfw8RYDY5WHBjc=,iyyabr0rW03h1WpdL4PxTHzdWKQ=
-7,15,ppNKHqwlxM4YQLfw8RYDY5WHBjc=,iyyabr0rW03h1WpdL4PxTHzdWKQ=
-3,8,Av9Xdiddt8r75xpRQOc5tsretI4=,iyyabr0rW03h1WpdL4PxTHzdWKQ=
-2,8,Av9Xdiddt8r75xpRQOc5tsretI4=,iyyabr0rW03h1WpdL4PxTHzdWKQ=
-1,8,Av9Xdiddt8r75xpRQOc5tsretI4=,iyyabr0rW03h1WpdL4PxTHzdWKQ=
-3,9,Av9Xdiddt8r75xpRQOc5tsretI4=,iyyabr0rW03h1WpdL4PxTHzdWKQ=
-3,6,Av9Xdiddt8r75xpRQOc5tsretI4=,ZRuSpPs+f0tb3WfWRiKELtg616Y=
-2,6,Av9Xdiddt8r75xpRQOc5tsretI4=,ZRuSpPs+f0tb3WfWRiKELtg616Y=
-1,6,Av9Xdiddt8r75xpRQOc5tsretI4=,ZRuSpPs+f0tb3WfWRiKELtg616Y=
-3,4,Av9Xdiddt8r75xpRQOc5tsretI4=,ZRuSpPs+f0tb3WfWRiKELtg616Y=
-3,10,Av9Xdiddt8r75xpRQOc5tsretI4=,iyyabr0rW03h1WpdL4PxTHzdWKQ=
-2,4,Av9Xdiddt8r75xpRQOc5tsretI4=,ZRuSpPs+f0tb3WfWRiKELtg616Y=
-1,4,Av9Xdiddt8r75xpRQOc5tsretI4=,ZRuSpPs+f0tb3WfWRiKELtg616Y=
-3,7,Av9Xdiddt8r75xpRQOc5tsretI4=,ZRuSpPs+f0tb3WfWRiKELtg616Y=
-2,10,Av9Xdiddt8r75xpRQOc5tsretI4=,iyyabr0rW03h1WpdL4PxTHzdWKQ=
-1,10,Av9Xdiddt8r75xpRQOc5tsretI4=,iyyabr0rW03h1WpdL4PxTHzdWKQ=
-2,9,Av9Xdiddt8r75xpRQOc5tsretI4=,iyyabr0rW03h1WpdL4PxTHzdWKQ=
-1,9,Av9Xdiddt8r75xpRQOc5tsretI4=,iyyabr0rW03h1WpdL4PxTHzdWKQ=
-2,7,Av9Xdiddt8r75xpRQOc5tsretI4=,ZRuSpPs+f0tb3WfWRiKELtg616Y=
-3,3,Av9Xdiddt8r75xpRQOc5tsretI4=,ZRuSpPs+f0tb3WfWRiKELtg616Y=
-3,5,Av9Xdiddt8r75xpRQOc5tsretI4=,ZRuSpPs+f0tb3WfWRiKELtg616Y=
-2,3,Av9Xdiddt8r75xpRQOc5tsretI4=,ZRuSpPs+f0tb3WfWRiKELtg616Y=
-1,7,Av9Xdiddt8r75xpRQOc5tsretI4=,ZRuSpPs+f0tb3WfWRiKELtg616Y=
-1,3,Av9Xdiddt8r75xpRQOc5tsretI4=,ZRuSpPs+f0tb3WfWRiKELtg616Y=
-1,5,Av9Xdiddt8r75xpRQOc5tsretI4=,ZRuSpPs+f0tb3WfWRiKELtg616Y=
-2,5,Av9Xdiddt8r75xpRQOc5tsretI4=,ZRuSpPs+f0tb3WfWRiKELtg616Y=
-5,1,Av9Xdiddt8r75xpRQOc5tsretI4=,ZRuSpPs+f0tb3WfWRiKELtg616Y=
-4,1,Av9Xdiddt8r75xpRQOc5tsretI4=,ZRuSpPs+f0tb3WfWRiKELtg616Y=
-3,1,Av9Xdiddt8r75xpRQOc5tsretI4=,ZRuSpPs+f0tb3WfWRiKELtg616Y=
-2,1,Av9Xdiddt8r75xpRQOc5tsretI4=,ZRuSpPs+f0tb3WfWRiKELtg616Y=
-1,1,Av9Xdiddt8r75xpRQOc5tsretI4=,ZRuSpPs+f0tb3WfWRiKELtg616Y=
-5,2,Av9Xdiddt8r75xpRQOc5tsretI4=,ZRuSpPs+f0tb3WfWRiKELtg616Y=
-4,2,Av9Xdiddt8r75xpRQOc5tsretI4=,ZRuSpPs+f0tb3WfWRiKELtg616Y=
-3,2,Av9Xdiddt8r75xpRQOc5tsretI4=,ZRuSpPs+f0tb3WfWRiKELtg616Y=
-5,0,Av9Xdiddt8r75xpRQOc5tsretI4=,ZRuSpPs+f0tb3WfWRiKELtg616Y=
-2,2,Av9Xdiddt8r75xpRQOc5tsretI4=,ZRuSpPs+f0tb3WfWRiKELtg616Y=
-1,2,Av9Xdiddt8r75xpRQOc5tsretI4=,ZRuSpPs+f0tb3WfWRiKELtg616Y=
-4,0,Av9Xdiddt8r75xpRQOc5tsretI4=,ZRuSpPs+f0tb3WfWRiKELtg616Y=
-3,0,Av9Xdiddt8r75xpRQOc5tsretI4=,ZRuSpPs+f0tb3WfWRiKELtg616Y=
-2,0,Av9Xdiddt8r75xpRQOc5tsretI4=,ZRuSpPs+f0tb3WfWRiKELtg616Y=
-1,0,Av9Xdiddt8r75xpRQOc5tsretI4=,ZRuSpPs+f0tb3WfWRiKELtg616Y=
-14,4,Av9Xdiddt8r75xpRQOc5tsretI4=,xyobLyciJcmPlJVsknmBjcjFHDE=
-15,4,Av9Xdiddt8r75xpRQOc5tsretI4=,xyobLyciJcmPlJVsknmBjcjFHDE=
-9,2,Av9Xdiddt8r75xpRQOc5tsretI4=,xyobLyciJcmPlJVsknmBjcjFHDE=
-16,4,Av9Xdiddt8r75xpRQOc5tsretI4=,xyobLyciJcmPlJVsknmBjcjFHDE=
-10,2,Av9Xdiddt8r75xpRQOc5tsretI4=,xyobLyciJcmPlJVsknmBjcjFHDE=
-11,2,Av9Xdiddt8r75xpRQOc5tsretI4=,xyobLyciJcmPlJVsknmBjcjFHDE=
-12,2,Av9Xdiddt8r75xpRQOc5tsretI4=,xyobLyciJcmPlJVsknmBjcjFHDE=
-9,1,Av9Xdiddt8r75xpRQOc5tsretI4=,xyobLyciJcmPlJVsknmBjcjFHDE=
-13,2,LrRxehT17PCUt/f/UbZVrd8FmXw=,xyobLyciJcmPlJVsknmBjcjFHDE=
-12,1,LrRxehT17PCUt/f/UbZVrd8FmXw=,xyobLyciJcmPlJVsknmBjcjFHDE=
-15,1,LrRxehT17PCUt/f/UbZVrd8FmXw=,xyobLyciJcmPlJVsknmBjcjFHDE=
-11,1,LrRxehT17PCUt/f/UbZVrd8FmXw=,xyobLyciJcmPlJVsknmBjcjFHDE=
-16,3,LrRxehT17PCUt/f/UbZVrd8FmXw=,xyobLyciJcmPlJVsknmBjcjFHDE=
-14,2,LrRxehT17PCUt/f/UbZVrd8FmXw=,xyobLyciJcmPlJVsknmBjcjFHDE=
-13,1,LrRxehT17PCUt/f/UbZVrd8FmXw=,xyobLyciJcmPlJVsknmBjcjFHDE=
-14,1,LrRxehT17PCUt/f/UbZVrd8FmXw=,xyobLyciJcmPlJVsknmBjcjFHDE=
-16,1,LrRxehT17PCUt/f/UbZVrd8FmXw=,xyobLyciJcmPlJVsknmBjcjFHDE=
-14,3,LrRxehT17PCUt/f/UbZVrd8FmXw=,xyobLyciJcmPlJVsknmBjcjFHDE=
-15,2,LrRxehT17PCUt/f/UbZVrd8FmXw=,xyobLyciJcmPlJVsknmBjcjFHDE=
-6,0,LrRxehT17PCUt/f/UbZVrd8FmXw=,ZRuSpPs+f0tb3WfWRiKELtg616Y=
-16,2,LrRxehT17PCUt/f/UbZVrd8FmXw=,xyobLyciJcmPlJVsknmBjcjFHDE=
-8,0,LrRxehT17PCUt/f/UbZVrd8FmXw=,ZRuSpPs+f0tb3WfWRiKELtg616Y=
-7,0,LrRxehT17PCUt/f/UbZVrd8FmXw=,ZRuSpPs+f0tb3WfWRiKELtg616Y=
-6,2,LrRxehT17PCUt/f/UbZVrd8FmXw=,ZRuSpPs+f0tb3WfWRiKELtg616Y=
-7,2,LrRxehT17PCUt/f/UbZVrd8FmXw=,ZRuSpPs+f0tb3WfWRiKELtg616Y=
-16,0,LrRxehT17PCUt/f/UbZVrd8FmXw=,xyobLyciJcmPlJVsknmBjcjFHDE=
-10,0,LrRxehT17PCUt/f/UbZVrd8FmXw=,xyobLyciJcmPlJVsknmBjcjFHDE=
-10,1,LrRxehT17PCUt/f/UbZVrd8FmXw=,xyobLyciJcmPlJVsknmBjcjFHDE=
-11,0,LrRxehT17PCUt/f/UbZVrd8FmXw=,xyobLyciJcmPlJVsknmBjcjFHDE=
-9,0,LrRxehT17PCUt/f/UbZVrd8FmXw=,xyobLyciJcmPlJVsknmBjcjFHDE=
-15,3,LrRxehT17PCUt/f/UbZVrd8FmXw=,xyobLyciJcmPlJVsknmBjcjFHDE=
-15,0,LrRxehT17PCUt/f/UbZVrd8FmXw=,xyobLyciJcmPlJVsknmBjcjFHDE=
-7,1,LrRxehT17PCUt/f/UbZVrd8FmXw=,ZRuSpPs+f0tb3WfWRiKELtg616Y=
-13,0,LrRxehT17PCUt/f/UbZVrd8FmXw=,xyobLyciJcmPlJVsknmBjcjFHDE=
-6,1,LrRxehT17PCUt/f/UbZVrd8FmXw=,ZRuSpPs+f0tb3WfWRiKELtg616Y=
-14,0,LrRxehT17PCUt/f/UbZVrd8FmXw=,xyobLyciJcmPlJVsknmBjcjFHDE=
-12,0,LrRxehT17PCUt/f/UbZVrd8FmXw=,xyobLyciJcmPlJVsknmBjcjFHDE=
-8,1,LrRxehT17PCUt/f/UbZVrd8FmXw=,ZRuSpPs+f0tb3WfWRiKELtg616Y=
-8,2,LrRxehT17PCUt/f/UbZVrd8FmXw=,ZRuSpPs+f0tb3WfWRiKELtg616Y=
-14,5,LrRxehT17PCUt/f/UbZVrd8FmXw=,xyobLyciJcmPlJVsknmBjcjFHDE=
-16,5,LrRxehT17PCUt/f/UbZVrd8FmXw=,xyobLyciJcmPlJVsknmBjcjFHDE=
-14,6,LrRxehT17PCUt/f/UbZVrd8FmXw=,xyobLyciJcmPlJVsknmBjcjFHDE=
-16,6,LrRxehT17PCUt/f/UbZVrd8FmXw=,xyobLyciJcmPlJVsknmBjcjFHDE=
-15,5,LrRxehT17PCUt/f/UbZVrd8FmXw=,xyobLyciJcmPlJVsknmBjcjFHDE=
-15,6,LrRxehT17PCUt/f/UbZVrd8FmXw=,xyobLyciJcmPlJVsknmBjcjFHDE=
-14,15,LrRxehT17PCUt/f/UbZVrd8FmXw=,fN9RDOrnHoeB7uc2v51cT4p6/1g=
-15,7,LrRxehT17PCUt/f/UbZVrd8FmXw=,xyobLyciJcmPlJVsknmBjcjFHDE=
-16,8,LrRxehT17PCUt/f/UbZVrd8FmXw=,fN9RDOrnHoeB7uc2v51cT4p6/1g=
-14,7,LrRxehT17PCUt/f/UbZVrd8FmXw=,xyobLyciJcmPlJVsknmBjcjFHDE=
-14,8,LrRxehT17PCUt/f/UbZVrd8FmXw=,fN9RDOrnHoeB7uc2v51cT4p6/1g=
-16,7,LrRxehT17PCUt/f/UbZVrd8FmXw=,xyobLyciJcmPlJVsknmBjcjFHDE=
-16,9,LrRxehT17PCUt/f/UbZVrd8FmXw=,fN9RDOrnHoeB7uc2v51cT4p6/1g=
-15,15,LrRxehT17PCUt/f/UbZVrd8FmXw=,fN9RDOrnHoeB7uc2v51cT4p6/1g=
-15,8,LrRxehT17PCUt/f/UbZVrd8FmXw=,fN9RDOrnHoeB7uc2v51cT4p6/1g=
-15,9,LrRxehT17PCUt/f/UbZVrd8FmXw=,fN9RDOrnHoeB7uc2v51cT4p6/1g=
-14,10,LrRxehT17PCUt/f/UbZVrd8FmXw=,fN9RDOrnHoeB7uc2v51cT4p6/1g=
-16,15,LrRxehT17PCUt/f/UbZVrd8FmXw=,fN9RDOrnHoeB7uc2v51cT4p6/1g=
-16,10,LrRxehT17PCUt/f/UbZVrd8FmXw=,fN9RDOrnHoeB7uc2v51cT4p6/1g=
-14,9,LrRxehT17PCUt/f/UbZVrd8FmXw=,fN9RDOrnHoeB7uc2v51cT4p6/1g=
-16,11,LrRxehT17PCUt/f/UbZVrd8FmXw=,fN9RDOrnHoeB7uc2v51cT4p6/1g=
-14,14,LrRxehT17PCUt/f/UbZVrd8FmXw=,fN9RDOrnHoeB7uc2v51cT4p6/1g=
-16,12,LrRxehT17PCUt/f/UbZVrd8FmXw=,fN9RDOrnHoeB7uc2v51cT4p6/1g=
-14,12,LrRxehT17PCUt/f/UbZVrd8FmXw=,fN9RDOrnHoeB7uc2v51cT4p6/1g=
-15,10,LrRxehT17PCUt/f/UbZVrd8FmXw=,fN9RDOrnHoeB7uc2v51cT4p6/1g=
-15,12,LrRxehT17PCUt/f/UbZVrd8FmXw=,fN9RDOrnHoeB7uc2v51cT4p6/1g=
-16,13,LrRxehT17PCUt/f/UbZVrd8FmXw=,fN9RDOrnHoeB7uc2v51cT4p6/1g=
-14,11,LrRxehT17PCUt/f/UbZVrd8FmXw=,fN9RDOrnHoeB7uc2v51cT4p6/1g=
-15,14,LrRxehT17PCUt/f/UbZVrd8FmXw=,fN9RDOrnHoeB7uc2v51cT4p6/1g=
-15,13,LrRxehT17PCUt/f/UbZVrd8FmXw=,fN9RDOrnHoeB7uc2v51cT4p6/1g=
-14,13,LrRxehT17PCUt/f/UbZVrd8FmXw=,fN9RDOrnHoeB7uc2v51cT4p6/1g=
-15,11,LrRxehT17PCUt/f/UbZVrd8FmXw=,fN9RDOrnHoeB7uc2v51cT4p6/1g=
-16,14,LrRxehT17PCUt/f/UbZVrd8FmXw=,fN9RDOrnHoeB7uc2v51cT4p6/1g=
-23,12,eS5xR2Q19JP9rvLTpbItXwnHfXQ=,WL7ZkD/2pRF0bbPwSofOz5MVI5w=
-22,12,eS5xR2Q19JP9rvLTpbItXwnHfXQ=,WL7ZkD/2pRF0bbPwSofOz5MVI5w=
-24,11,eS5xR2Q19JP9rvLTpbItXwnHfXQ=,WL7ZkD/2pRF0bbPwSofOz5MVI5w=
-23,11,eS5xR2Q19JP9rvLTpbItXwnHfXQ=,WL7ZkD/2pRF0bbPwSofOz5MVI5w=
-20,5,eS5xR2Q19JP9rvLTpbItXwnHfXQ=,zxtnbZ4kGEeJ6fBO9nVlWfBdW1A=
-23,9,eS5xR2Q19JP9rvLTpbItXwnHfXQ=,WL7ZkD/2pRF0bbPwSofOz5MVI5w=
-24,6,eS5xR2Q19JP9rvLTpbItXwnHfXQ=,zxtnbZ4kGEeJ6fBO9nVlWfBdW1A=
-23,6,eS5xR2Q19JP9rvLTpbItXwnHfXQ=,zxtnbZ4kGEeJ6fBO9nVlWfBdW1A=
-22,6,eS5xR2Q19JP9rvLTpbItXwnHfXQ=,zxtnbZ4kGEeJ6fBO9nVlWfBdW1A=
-21,6,eS5xR2Q19JP9rvLTpbItXwnHfXQ=,zxtnbZ4kGEeJ6fBO9nVlWfBdW1A=
-20,6,eS5xR2Q19JP9rvLTpbItXwnHfXQ=,zxtnbZ4kGEeJ6fBO9nVlWfBdW1A=
-22,9,eS5xR2Q19JP9rvLTpbItXwnHfXQ=,WL7ZkD/2pRF0bbPwSofOz5MVI5w=
-21,9,eS5xR2Q19JP9rvLTpbItXwnHfXQ=,WL7ZkD/2pRF0bbPwSofOz5MVI5w=
-20,9,eS5xR2Q19JP9rvLTpbItXwnHfXQ=,WL7ZkD/2pRF0bbPwSofOz5MVI5w=
-24,3,eS5xR2Q19JP9rvLTpbItXwnHfXQ=,zxtnbZ4kGEeJ6fBO9nVlWfBdW1A=
-23,3,eS5xR2Q19JP9rvLTpbItXwnHfXQ=,zxtnbZ4kGEeJ6fBO9nVlWfBdW1A=
-20,7,eS5xR2Q19JP9rvLTpbItXwnHfXQ=,zxtnbZ4kGEeJ6fBO9nVlWfBdW1A=
-22,3,eS5xR2Q19JP9rvLTpbItXwnHfXQ=,zxtnbZ4kGEeJ6fBO9nVlWfBdW1A=
-21,3,eS5xR2Q19JP9rvLTpbItXwnHfXQ=,zxtnbZ4kGEeJ6fBO9nVlWfBdW1A=
-24,10,eS5xR2Q19JP9rvLTpbItXwnHfXQ=,WL7ZkD/2pRF0bbPwSofOz5MVI5w=
-20,3,eS5xR2Q19JP9rvLTpbItXwnHfXQ=,zxtnbZ4kGEeJ6fBO9nVlWfBdW1A=
-23,10,eS5xR2Q19JP9rvLTpbItXwnHfXQ=,WL7ZkD/2pRF0bbPwSofOz5MVI5w=
-22,10,eS5xR2Q19JP9rvLTpbItXwnHfXQ=,WL7ZkD/2pRF0bbPwSofOz5MVI5w=
-24,8,eS5xR2Q19JP9rvLTpbItXwnHfXQ=,WL7ZkD/2pRF0bbPwSofOz5MVI5w=
-23,8,eS5xR2Q19JP9rvLTpbItXwnHfXQ=,WL7ZkD/2pRF0bbPwSofOz5MVI5w=
-21,10,eS5xR2Q19JP9rvLTpbItXwnHfXQ=,WL7ZkD/2pRF0bbPwSofOz5MVI5w=
-20,10,eS5xR2Q19JP9rvLTpbItXwnHfXQ=,WL7ZkD/2pRF0bbPwSofOz5MVI5w=
-22,8,eS5xR2Q19JP9rvLTpbItXwnHfXQ=,WL7ZkD/2pRF0bbPwSofOz5MVI5w=
-21,8,eS5xR2Q19JP9rvLTpbItXwnHfXQ=,WL7ZkD/2pRF0bbPwSofOz5MVI5w=
-24,5,eS5xR2Q19JP9rvLTpbItXwnHfXQ=,zxtnbZ4kGEeJ6fBO9nVlWfBdW1A=
-20,8,eS5xR2Q19JP9rvLTpbItXwnHfXQ=,WL7ZkD/2pRF0bbPwSofOz5MVI5w=
-24,9,eS5xR2Q19JP9rvLTpbItXwnHfXQ=,WL7ZkD/2pRF0bbPwSofOz5MVI5w=
-24,7,eS5xR2Q19JP9rvLTpbItXwnHfXQ=,zxtnbZ4kGEeJ6fBO9nVlWfBdW1A=
-24,4,eS5xR2Q19JP9rvLTpbItXwnHfXQ=,zxtnbZ4kGEeJ6fBO9nVlWfBdW1A=
-23,4,eS5xR2Q19JP9rvLTpbItXwnHfXQ=,zxtnbZ4kGEeJ6fBO9nVlWfBdW1A=
-23,7,eS5xR2Q19JP9rvLTpbItXwnHfXQ=,zxtnbZ4kGEeJ6fBO9nVlWfBdW1A=
-22,7,eS5xR2Q19JP9rvLTpbItXwnHfXQ=,zxtnbZ4kGEeJ6fBO9nVlWfBdW1A=
-22,4,eS5xR2Q19JP9rvLTpbItXwnHfXQ=,zxtnbZ4kGEeJ6fBO9nVlWfBdW1A=
-21,4,eS5xR2Q19JP9rvLTpbItXwnHfXQ=,zxtnbZ4kGEeJ6fBO9nVlWfBdW1A=
-20,4,eS5xR2Q19JP9rvLTpbItXwnHfXQ=,zxtnbZ4kGEeJ6fBO9nVlWfBdW1A=
-23,5,eS5xR2Q19JP9rvLTpbItXwnHfXQ=,zxtnbZ4kGEeJ6fBO9nVlWfBdW1A=
-21,7,eS5xR2Q19JP9rvLTpbItXwnHfXQ=,zxtnbZ4kGEeJ6fBO9nVlWfBdW1A=
-22,5,eS5xR2Q19JP9rvLTpbItXwnHfXQ=,zxtnbZ4kGEeJ6fBO9nVlWfBdW1A=
-21,5,eS5xR2Q19JP9rvLTpbItXwnHfXQ=,zxtnbZ4kGEeJ6fBO9nVlWfBdW1A=
-24,12,eS5xR2Q19JP9rvLTpbItXwnHfXQ=,WL7ZkD/2pRF0bbPwSofOz5MVI5w=
-20,12,eS5xR2Q19JP9rvLTpbItXwnHfXQ=,WL7ZkD/2pRF0bbPwSofOz5MVI5w=
-21,12,eS5xR2Q19JP9rvLTpbItXwnHfXQ=,WL7ZkD/2pRF0bbPwSofOz5MVI5w=
-20,11,eS5xR2Q19JP9rvLTpbItXwnHfXQ=,WL7ZkD/2pRF0bbPwSofOz5MVI5w=
-21,11,eS5xR2Q19JP9rvLTpbItXwnHfXQ=,WL7ZkD/2pRF0bbPwSofOz5MVI5w=
-22,11,eS5xR2Q19JP9rvLTpbItXwnHfXQ=,WL7ZkD/2pRF0bbPwSofOz5MVI5w=
-24,14,3M/xZZxVfsjED6ynWAQVyepEcIg=,WL7ZkD/2pRF0bbPwSofOz5MVI5w=
-23,14,3M/xZZxVfsjED6ynWAQVyepEcIg=,WL7ZkD/2pRF0bbPwSofOz5MVI5w=
-22,14,3M/xZZxVfsjED6ynWAQVyepEcIg=,WL7ZkD/2pRF0bbPwSofOz5MVI5w=
-21,14,3M/xZZxVfsjED6ynWAQVyepEcIg=,WL7ZkD/2pRF0bbPwSofOz5MVI5w=
-20,14,3M/xZZxVfsjED6ynWAQVyepEcIg=,WL7ZkD/2pRF0bbPwSofOz5MVI5w=
-24,15,3M/xZZxVfsjED6ynWAQVyepEcIg=,WL7ZkD/2pRF0bbPwSofOz5MVI5w=
-22,13,3M/xZZxVfsjED6ynWAQVyepEcIg=,WL7ZkD/2pRF0bbPwSofOz5MVI5w=
-21,13,3M/xZZxVfsjED6ynWAQVyepEcIg=,WL7ZkD/2pRF0bbPwSofOz5MVI5w=
-23,15,3M/xZZxVfsjED6ynWAQVyepEcIg=,WL7ZkD/2pRF0bbPwSofOz5MVI5w=
-19,14,3M/xZZxVfsjED6ynWAQVyepEcIg=,WL7ZkD/2pRF0bbPwSofOz5MVI5w=
-18,14,3M/xZZxVfsjED6ynWAQVyepEcIg=,WL7ZkD/2pRF0bbPwSofOz5MVI5w=
-17,14,3M/xZZxVfsjED6ynWAQVyepEcIg=,WL7ZkD/2pRF0bbPwSofOz5MVI5w=
-19,11,3M/xZZxVfsjED6ynWAQVyepEcIg=,WL7ZkD/2pRF0bbPwSofOz5MVI5w=
-19,13,3M/xZZxVfsjED6ynWAQVyepEcIg=,WL7ZkD/2pRF0bbPwSofOz5MVI5w=
-19,15,3M/xZZxVfsjED6ynWAQVyepEcIg=,WL7ZkD/2pRF0bbPwSofOz5MVI5w=
-18,15,3M/xZZxVfsjED6ynWAQVyepEcIg=,WL7ZkD/2pRF0bbPwSofOz5MVI5w=
-17,15,3M/xZZxVfsjED6ynWAQVyepEcIg=,WL7ZkD/2pRF0bbPwSofOz5MVI5w=
-19,12,3M/xZZxVfsjED6ynWAQVyepEcIg=,WL7ZkD/2pRF0bbPwSofOz5MVI5w=
-18,12,3M/xZZxVfsjED6ynWAQVyepEcIg=,WL7ZkD/2pRF0bbPwSofOz5MVI5w=
-18,11,3M/xZZxVfsjED6ynWAQVyepEcIg=,WL7ZkD/2pRF0bbPwSofOz5MVI5w=
-17,11,3M/xZZxVfsjED6ynWAQVyepEcIg=,WL7ZkD/2pRF0bbPwSofOz5MVI5w=
-18,13,3M/xZZxVfsjED6ynWAQVyepEcIg=,WL7ZkD/2pRF0bbPwSofOz5MVI5w=
-17,12,3M/xZZxVfsjED6ynWAQVyepEcIg=,WL7ZkD/2pRF0bbPwSofOz5MVI5w=
-17,13,3M/xZZxVfsjED6ynWAQVyepEcIg=,WL7ZkD/2pRF0bbPwSofOz5MVI5w=
-23,13,3M/xZZxVfsjED6ynWAQVyepEcIg=,WL7ZkD/2pRF0bbPwSofOz5MVI5w=
-24,13,3M/xZZxVfsjED6ynWAQVyepEcIg=,WL7ZkD/2pRF0bbPwSofOz5MVI5w=
-20,15,3M/xZZxVfsjED6ynWAQVyepEcIg=,WL7ZkD/2pRF0bbPwSofOz5MVI5w=
-21,15,3M/xZZxVfsjED6ynWAQVyepEcIg=,WL7ZkD/2pRF0bbPwSofOz5MVI5w=
-22,15,3M/xZZxVfsjED6ynWAQVyepEcIg=,WL7ZkD/2pRF0bbPwSofOz5MVI5w=
-20,13,3M/xZZxVfsjED6ynWAQVyepEcIg=,WL7ZkD/2pRF0bbPwSofOz5MVI5w=
-20,2,3M/xZZxVfsjED6ynWAQVyepEcIg=,zxtnbZ4kGEeJ6fBO9nVlWfBdW1A=
-21,2,3M/xZZxVfsjED6ynWAQVyepEcIg=,zxtnbZ4kGEeJ6fBO9nVlWfBdW1A=
-21,0,3M/xZZxVfsjED6ynWAQVyepEcIg=,zxtnbZ4kGEeJ6fBO9nVlWfBdW1A=
-20,0,3M/xZZxVfsjED6ynWAQVyepEcIg=,zxtnbZ4kGEeJ6fBO9nVlWfBdW1A=
-21,1,3M/xZZxVfsjED6ynWAQVyepEcIg=,zxtnbZ4kGEeJ6fBO9nVlWfBdW1A=
-20,1,3M/xZZxVfsjED6ynWAQVyepEcIg=,zxtnbZ4kGEeJ6fBO9nVlWfBdW1A=
-18,7,3M/xZZxVfsjED6ynWAQVyepEcIg=,zxtnbZ4kGEeJ6fBO9nVlWfBdW1A=
-18,10,3M/xZZxVfsjED6ynWAQVyepEcIg=,WL7ZkD/2pRF0bbPwSofOz5MVI5w=
-19,4,3M/xZZxVfsjED6ynWAQVyepEcIg=,zxtnbZ4kGEeJ6fBO9nVlWfBdW1A=
-19,5,3M/xZZxVfsjED6ynWAQVyepEcIg=,zxtnbZ4kGEeJ6fBO9nVlWfBdW1A=
-19,10,3M/xZZxVfsjED6ynWAQVyepEcIg=,WL7ZkD/2pRF0bbPwSofOz5MVI5w=
-18,8,3M/xZZxVfsjED6ynWAQVyepEcIg=,WL7ZkD/2pRF0bbPwSofOz5MVI5w=
-18,5,3M/xZZxVfsjED6ynWAQVyepEcIg=,zxtnbZ4kGEeJ6fBO9nVlWfBdW1A=
-19,8,3M/xZZxVfsjED6ynWAQVyepEcIg=,WL7ZkD/2pRF0bbPwSofOz5MVI5w=
-19,7,3M/xZZxVfsjED6ynWAQVyepEcIg=,zxtnbZ4kGEeJ6fBO9nVlWfBdW1A=
-18,3,3M/xZZxVfsjED6ynWAQVyepEcIg=,zxtnbZ4kGEeJ6fBO9nVlWfBdW1A=
-18,6,3M/xZZxVfsjED6ynWAQVyepEcIg=,zxtnbZ4kGEeJ6fBO9nVlWfBdW1A=
-19,3,3M/xZZxVfsjED6ynWAQVyepEcIg=,zxtnbZ4kGEeJ6fBO9nVlWfBdW1A=
-18,9,3M/xZZxVfsjED6ynWAQVyepEcIg=,WL7ZkD/2pRF0bbPwSofOz5MVI5w=
-19,9,3M/xZZxVfsjED6ynWAQVyepEcIg=,WL7ZkD/2pRF0bbPwSofOz5MVI5w=
-17,7,3M/xZZxVfsjED6ynWAQVyepEcIg=,zxtnbZ4kGEeJ6fBO9nVlWfBdW1A=
-18,4,3M/xZZxVfsjED6ynWAQVyepEcIg=,zxtnbZ4kGEeJ6fBO9nVlWfBdW1A=
-17,5,3M/xZZxVfsjED6ynWAQVyepEcIg=,zxtnbZ4kGEeJ6fBO9nVlWfBdW1A=
-19,6,3M/xZZxVfsjED6ynWAQVyepEcIg=,zxtnbZ4kGEeJ6fBO9nVlWfBdW1A=
-17,10,3M/xZZxVfsjED6ynWAQVyepEcIg=,WL7ZkD/2pRF0bbPwSofOz5MVI5w=
-17,6,3M/xZZxVfsjED6ynWAQVyepEcIg=,zxtnbZ4kGEeJ6fBO9nVlWfBdW1A=
-17,9,3M/xZZxVfsjED6ynWAQVyepEcIg=,WL7ZkD/2pRF0bbPwSofOz5MVI5w=
-17,8,3M/xZZxVfsjED6ynWAQVyepEcIg=,WL7ZkD/2pRF0bbPwSofOz5MVI5w=
-17,4,3M/xZZxVfsjED6ynWAQVyepEcIg=,zxtnbZ4kGEeJ6fBO9nVlWfBdW1A=
-17,3,3M/xZZxVfsjED6ynWAQVyepEcIg=,zxtnbZ4kGEeJ6fBO9nVlWfBdW1A=
-24,2,3M/xZZxVfsjED6ynWAQVyepEcIg=,zxtnbZ4kGEeJ6fBO9nVlWfBdW1A=
-22,0,3M/xZZxVfsjED6ynWAQVyepEcIg=,zxtnbZ4kGEeJ6fBO9nVlWfBdW1A=
-24,0,3M/xZZxVfsjED6ynWAQVyepEcIg=,zxtnbZ4kGEeJ6fBO9nVlWfBdW1A=
-23,0,3M/xZZxVfsjED6ynWAQVyepEcIg=,zxtnbZ4kGEeJ6fBO9nVlWfBdW1A=
-22,1,3M/xZZxVfsjED6ynWAQVyepEcIg=,zxtnbZ4kGEeJ6fBO9nVlWfBdW1A=
-23,1,3M/xZZxVfsjED6ynWAQVyepEcIg=,zxtnbZ4kGEeJ6fBO9nVlWfBdW1A=
-23,2,3M/xZZxVfsjED6ynWAQVyepEcIg=,zxtnbZ4kGEeJ6fBO9nVlWfBdW1A=
-24,1,3M/xZZxVfsjED6ynWAQVyepEcIg=,zxtnbZ4kGEeJ6fBO9nVlWfBdW1A=
-22,2,3M/xZZxVfsjED6ynWAQVyepEcIg=,zxtnbZ4kGEeJ6fBO9nVlWfBdW1A=
-19,1,3M/xZZxVfsjED6ynWAQVyepEcIg=,zxtnbZ4kGEeJ6fBO9nVlWfBdW1A=
-18,1,3M/xZZxVfsjED6ynWAQVyepEcIg=,zxtnbZ4kGEeJ6fBO9nVlWfBdW1A=
-18,2,3M/xZZxVfsjED6ynWAQVyepEcIg=,zxtnbZ4kGEeJ6fBO9nVlWfBdW1A=
-19,0,3M/xZZxVfsjED6ynWAQVyepEcIg=,zxtnbZ4kGEeJ6fBO9nVlWfBdW1A=
-19,2,3M/xZZxVfsjED6ynWAQVyepEcIg=,zxtnbZ4kGEeJ6fBO9nVlWfBdW1A=
-17,0,3M/xZZxVfsjED6ynWAQVyepEcIg=,zxtnbZ4kGEeJ6fBO9nVlWfBdW1A=
-18,0,3M/xZZxVfsjED6ynWAQVyepEcIg=,zxtnbZ4kGEeJ6fBO9nVlWfBdW1A=
-17,1,3M/xZZxVfsjED6ynWAQVyepEcIg=,zxtnbZ4kGEeJ6fBO9nVlWfBdW1A=
-17,2,3M/xZZxVfsjED6ynWAQVyepEcIg=,zxtnbZ4kGEeJ6fBO9nVlWfBdW1A=
-23,20,3M/xZZxVfsjED6ynWAQVyepEcIg=,gfNmqKqRpC4yzSzwtTfkpsg5ypY=
-23,21,3M/xZZxVfsjED6ynWAQVyepEcIg=,gfNmqKqRpC4yzSzwtTfkpsg5ypY=
-24,20,3M/xZZxVfsjED6ynWAQVyepEcIg=,gfNmqKqRpC4yzSzwtTfkpsg5ypY=
-24,21,3M/xZZxVfsjED6ynWAQVyepEcIg=,gfNmqKqRpC4yzSzwtTfkpsg5ypY=
-23,18,3M/xZZxVfsjED6ynWAQVyepEcIg=,gfNmqKqRpC4yzSzwtTfkpsg5ypY=
-24,18,3M/xZZxVfsjED6ynWAQVyepEcIg=,gfNmqKqRpC4yzSzwtTfkpsg5ypY=
-20,18,3M/xZZxVfsjED6ynWAQVyepEcIg=,gfNmqKqRpC4yzSzwtTfkpsg5ypY=
-17,19,3M/xZZxVfsjED6ynWAQVyepEcIg=,gfNmqKqRpC4yzSzwtTfkpsg5ypY=
-24,17,3M/xZZxVfsjED6ynWAQVyepEcIg=,gfNmqKqRpC4yzSzwtTfkpsg5ypY=
-18,23,3M/xZZxVfsjED6ynWAQVyepEcIg=,gfNmqKqRpC4yzSzwtTfkpsg5ypY=
-17,23,3M/xZZxVfsjED6ynWAQVyepEcIg=,gfNmqKqRpC4yzSzwtTfkpsg5ypY=
-19,23,3M/xZZxVfsjED6ynWAQVyepEcIg=,gfNmqKqRpC4yzSzwtTfkpsg5ypY=
-20,23,3M/xZZxVfsjED6ynWAQVyepEcIg=,gfNmqKqRpC4yzSzwtTfkpsg5ypY=
-18,19,3M/xZZxVfsjED6ynWAQVyepEcIg=,gfNmqKqRpC4yzSzwtTfkpsg5ypY=
-22,23,3M/xZZxVfsjED6ynWAQVyepEcIg=,gfNmqKqRpC4yzSzwtTfkpsg5ypY=
-20,16,3M/xZZxVfsjED6ynWAQVyepEcIg=,gfNmqKqRpC4yzSzwtTfkpsg5ypY=
-23,23,3M/xZZxVfsjED6ynWAQVyepEcIg=,gfNmqKqRpC4yzSzwtTfkpsg5ypY=
-21,23,3M/xZZxVfsjED6ynWAQVyepEcIg=,gfNmqKqRpC4yzSzwtTfkpsg5ypY=
-24,23,3M/xZZxVfsjED6ynWAQVyepEcIg=,gfNmqKqRpC4yzSzwtTfkpsg5ypY=
-20,19,3M/xZZxVfsjED6ynWAQVyepEcIg=,gfNmqKqRpC4yzSzwtTfkpsg5ypY=
-17,21,3M/xZZxVfsjED6ynWAQVyepEcIg=,gfNmqKqRpC4yzSzwtTfkpsg5ypY=
-18,21,3M/xZZxVfsjED6ynWAQVyepEcIg=,gfNmqKqRpC4yzSzwtTfkpsg5ypY=
-19,19,3M/xZZxVfsjED6ynWAQVyepEcIg=,gfNmqKqRpC4yzSzwtTfkpsg5ypY=
-21,16,3M/xZZxVfsjED6ynWAQVyepEcIg=,gfNmqKqRpC4yzSzwtTfkpsg5ypY=
-18,22,3M/xZZxVfsjED6ynWAQVyepEcIg=,gfNmqKqRpC4yzSzwtTfkpsg5ypY=
-17,22,3M/xZZxVfsjED6ynWAQVyepEcIg=,gfNmqKqRpC4yzSzwtTfkpsg5ypY=
-21,19,3M/xZZxVfsjED6ynWAQVyepEcIg=,gfNmqKqRpC4yzSzwtTfkpsg5ypY=
-19,22,3M/xZZxVfsjED6ynWAQVyepEcIg=,gfNmqKqRpC4yzSzwtTfkpsg5ypY=
-17,20,3M/xZZxVfsjED6ynWAQVyepEcIg=,gfNmqKqRpC4yzSzwtTfkpsg5ypY=
-18,20,3M/xZZxVfsjED6ynWAQVyepEcIg=,gfNmqKqRpC4yzSzwtTfkpsg5ypY=
-19,21,3M/xZZxVfsjED6ynWAQVyepEcIg=,gfNmqKqRpC4yzSzwtTfkpsg5ypY=
-20,22,3M/xZZxVfsjED6ynWAQVyepEcIg=,gfNmqKqRpC4yzSzwtTfkpsg5ypY=
-21,22,3M/xZZxVfsjED6ynWAQVyepEcIg=,gfNmqKqRpC4yzSzwtTfkpsg5ypY=
-20,21,3M/xZZxVfsjED6ynWAQVyepEcIg=,gfNmqKqRpC4yzSzwtTfkpsg5ypY=
-19,20,3M/xZZxVfsjED6ynWAQVyepEcIg=,gfNmqKqRpC4yzSzwtTfkpsg5ypY=
-20,17,3M/xZZxVfsjED6ynWAQVyepEcIg=,gfNmqKqRpC4yzSzwtTfkpsg5ypY=
-21,17,3M/xZZxVfsjED6ynWAQVyepEcIg=,gfNmqKqRpC4yzSzwtTfkpsg5ypY=
-21,18,3M/xZZxVfsjED6ynWAQVyepEcIg=,gfNmqKqRpC4yzSzwtTfkpsg5ypY=
-22,18,3M/xZZxVfsjED6ynWAQVyepEcIg=,gfNmqKqRpC4yzSzwtTfkpsg5ypY=
-22,16,3M/xZZxVfsjED6ynWAQVyepEcIg=,gfNmqKqRpC4yzSzwtTfkpsg5ypY=
-20,20,3M/xZZxVfsjED6ynWAQVyepEcIg=,gfNmqKqRpC4yzSzwtTfkpsg5ypY=
-23,19,3M/xZZxVfsjED6ynWAQVyepEcIg=,gfNmqKqRpC4yzSzwtTfkpsg5ypY=
-22,19,3M/xZZxVfsjED6ynWAQVyepEcIg=,gfNmqKqRpC4yzSzwtTfkpsg5ypY=
-23,16,3M/xZZxVfsjED6ynWAQVyepEcIg=,gfNmqKqRpC4yzSzwtTfkpsg5ypY=
-24,19,3M/xZZxVfsjED6ynWAQVyepEcIg=,gfNmqKqRpC4yzSzwtTfkpsg5ypY=
-24,16,3M/xZZxVfsjED6ynWAQVyepEcIg=,gfNmqKqRpC4yzSzwtTfkpsg5ypY=
-22,17,3M/xZZxVfsjED6ynWAQVyepEcIg=,gfNmqKqRpC4yzSzwtTfkpsg5ypY=
-22,22,3M/xZZxVfsjED6ynWAQVyepEcIg=,gfNmqKqRpC4yzSzwtTfkpsg5ypY=
-23,17,3M/xZZxVfsjED6ynWAQVyepEcIg=,gfNmqKqRpC4yzSzwtTfkpsg5ypY=
-21,21,3M/xZZxVfsjED6ynWAQVyepEcIg=,gfNmqKqRpC4yzSzwtTfkpsg5ypY=
-23,22,3M/xZZxVfsjED6ynWAQVyepEcIg=,gfNmqKqRpC4yzSzwtTfkpsg5ypY=
-22,21,3M/xZZxVfsjED6ynWAQVyepEcIg=,gfNmqKqRpC4yzSzwtTfkpsg5ypY=
-24,22,3M/xZZxVfsjED6ynWAQVyepEcIg=,gfNmqKqRpC4yzSzwtTfkpsg5ypY=
-21,20,3M/xZZxVfsjED6ynWAQVyepEcIg=,gfNmqKqRpC4yzSzwtTfkpsg5ypY=
-22,20,3M/xZZxVfsjED6ynWAQVyepEcIg=,gfNmqKqRpC4yzSzwtTfkpsg5ypY=
-19,17,3M/xZZxVfsjED6ynWAQVyepEcIg=,gfNmqKqRpC4yzSzwtTfkpsg5ypY=
-19,18,3M/xZZxVfsjED6ynWAQVyepEcIg=,gfNmqKqRpC4yzSzwtTfkpsg5ypY=
-17,17,3M/xZZxVfsjED6ynWAQVyepEcIg=,gfNmqKqRpC4yzSzwtTfkpsg5ypY=
-17,18,3M/xZZxVfsjED6ynWAQVyepEcIg=,gfNmqKqRpC4yzSzwtTfkpsg5ypY=
-18,18,3M/xZZxVfsjED6ynWAQVyepEcIg=,gfNmqKqRpC4yzSzwtTfkpsg5ypY=
-18,16,3M/xZZxVfsjED6ynWAQVyepEcIg=,gfNmqKqRpC4yzSzwtTfkpsg5ypY=
-18,17,3M/xZZxVfsjED6ynWAQVyepEcIg=,gfNmqKqRpC4yzSzwtTfkpsg5ypY=
-17,16,3M/xZZxVfsjED6ynWAQVyepEcIg=,gfNmqKqRpC4yzSzwtTfkpsg5ypY=
-19,16,3M/xZZxVfsjED6ynWAQVyepEcIg=,gfNmqKqRpC4yzSzwtTfkpsg5ypY=
-13,20,woV2cI6o2CWbzMWbHAEjySJjues=,Ss/AQNl4qJTHNwCFid1N5zITJv8=
-12,20,woV2cI6o2CWbzMWbHAEjySJjues=,Ss/AQNl4qJTHNwCFid1N5zITJv8=
-13,19,woV2cI6o2CWbzMWbHAEjySJjues=,Ss/AQNl4qJTHNwCFid1N5zITJv8=
-12,19,woV2cI6o2CWbzMWbHAEjySJjues=,Ss/AQNl4qJTHNwCFid1N5zITJv8=
-13,21,woV2cI6o2CWbzMWbHAEjySJjues=,Ss/AQNl4qJTHNwCFid1N5zITJv8=
-12,21,woV2cI6o2CWbzMWbHAEjySJjues=,Ss/AQNl4qJTHNwCFid1N5zITJv8=
-13,22,woV2cI6o2CWbzMWbHAEjySJjues=,Ss/AQNl4qJTHNwCFid1N5zITJv8=
-12,22,woV2cI6o2CWbzMWbHAEjySJjues=,Ss/AQNl4qJTHNwCFid1N5zITJv8=
-13,23,woV2cI6o2CWbzMWbHAEjySJjues=,Ss/AQNl4qJTHNwCFid1N5zITJv8=
-12,23,woV2cI6o2CWbzMWbHAEjySJjues=,Ss/AQNl4qJTHNwCFid1N5zITJv8=
-8,23,woV2cI6o2CWbzMWbHAEjySJjues=,6I6cLRAuLnmXNdGXmBfUP311q1U=
-8,21,woV2cI6o2CWbzMWbHAEjySJjues=,6I6cLRAuLnmXNdGXmBfUP311q1U=
-7,21,woV2cI6o2CWbzMWbHAEjySJjues=,6I6cLRAuLnmXNdGXmBfUP311q1U=
-6,21,woV2cI6o2CWbzMWbHAEjySJjues=,6I6cLRAuLnmXNdGXmBfUP311q1U=
-5,21,woV2cI6o2CWbzMWbHAEjySJjues=,6I6cLRAuLnmXNdGXmBfUP311q1U=
-11,20,woV2cI6o2CWbzMWbHAEjySJjues=,Ss/AQNl4qJTHNwCFid1N5zITJv8=
-4,21,woV2cI6o2CWbzMWbHAEjySJjues=,6I6cLRAuLnmXNdGXmBfUP311q1U=
-7,23,woV2cI6o2CWbzMWbHAEjySJjues=,6I6cLRAuLnmXNdGXmBfUP311q1U=
-11,21,woV2cI6o2CWbzMWbHAEjySJjues=,Ss/AQNl4qJTHNwCFid1N5zITJv8=
-10,21,woV2cI6o2CWbzMWbHAEjySJjues=,Ss/AQNl4qJTHNwCFid1N5zITJv8=
-9,21,woV2cI6o2CWbzMWbHAEjySJjues=,Ss/AQNl4qJTHNwCFid1N5zITJv8=
-11,19,woV2cI6o2CWbzMWbHAEjySJjues=,Ss/AQNl4qJTHNwCFid1N5zITJv8=
-11,22,woV2cI6o2CWbzMWbHAEjySJjues=,Ss/AQNl4qJTHNwCFid1N5zITJv8=
-10,22,woV2cI6o2CWbzMWbHAEjySJjues=,Ss/AQNl4qJTHNwCFid1N5zITJv8=
-10,20,woV2cI6o2CWbzMWbHAEjySJjues=,Ss/AQNl4qJTHNwCFid1N5zITJv8=
-6,23,woV2cI6o2CWbzMWbHAEjySJjues=,6I6cLRAuLnmXNdGXmBfUP311q1U=
-9,22,woV2cI6o2CWbzMWbHAEjySJjues=,Ss/AQNl4qJTHNwCFid1N5zITJv8=
-9,20,woV2cI6o2CWbzMWbHAEjySJjues=,Ss/AQNl4qJTHNwCFid1N5zITJv8=
-8,19,woV2cI6o2CWbzMWbHAEjySJjues=,6I6cLRAuLnmXNdGXmBfUP311q1U=
-5,23,woV2cI6o2CWbzMWbHAEjySJjues=,6I6cLRAuLnmXNdGXmBfUP311q1U=
-7,19,woV2cI6o2CWbzMWbHAEjySJjues=,6I6cLRAuLnmXNdGXmBfUP311q1U=
-6,19,woV2cI6o2CWbzMWbHAEjySJjues=,6I6cLRAuLnmXNdGXmBfUP311q1U=
-5,19,woV2cI6o2CWbzMWbHAEjySJjues=,6I6cLRAuLnmXNdGXmBfUP311q1U=
-8,22,woV2cI6o2CWbzMWbHAEjySJjues=,6I6cLRAuLnmXNdGXmBfUP311q1U=
-7,22,woV2cI6o2CWbzMWbHAEjySJjues=,6I6cLRAuLnmXNdGXmBfUP311q1U=
-6,22,woV2cI6o2CWbzMWbHAEjySJjues=,6I6cLRAuLnmXNdGXmBfUP311q1U=
-5,22,woV2cI6o2CWbzMWbHAEjySJjues=,6I6cLRAuLnmXNdGXmBfUP311q1U=
-4,19,woV2cI6o2CWbzMWbHAEjySJjues=,6I6cLRAuLnmXNdGXmBfUP311q1U=
-4,23,woV2cI6o2CWbzMWbHAEjySJjues=,6I6cLRAuLnmXNdGXmBfUP311q1U=
-11,23,woV2cI6o2CWbzMWbHAEjySJjues=,Ss/AQNl4qJTHNwCFid1N5zITJv8=
-8,20,woV2cI6o2CWbzMWbHAEjySJjues=,6I6cLRAuLnmXNdGXmBfUP311q1U=
-10,23,woV2cI6o2CWbzMWbHAEjySJjues=,Ss/AQNl4qJTHNwCFid1N5zITJv8=
-9,23,woV2cI6o2CWbzMWbHAEjySJjues=,Ss/AQNl4qJTHNwCFid1N5zITJv8=
-10,19,woV2cI6o2CWbzMWbHAEjySJjues=,Ss/AQNl4qJTHNwCFid1N5zITJv8=
-4,22,woV2cI6o2CWbzMWbHAEjySJjues=,6I6cLRAuLnmXNdGXmBfUP311q1U=
-7,20,woV2cI6o2CWbzMWbHAEjySJjues=,6I6cLRAuLnmXNdGXmBfUP311q1U=
-6,20,woV2cI6o2CWbzMWbHAEjySJjues=,6I6cLRAuLnmXNdGXmBfUP311q1U=
-9,19,woV2cI6o2CWbzMWbHAEjySJjues=,Ss/AQNl4qJTHNwCFid1N5zITJv8=
-5,20,woV2cI6o2CWbzMWbHAEjySJjues=,6I6cLRAuLnmXNdGXmBfUP311q1U=
-4,20,woV2cI6o2CWbzMWbHAEjySJjues=,6I6cLRAuLnmXNdGXmBfUP311q1U=
-3,20,woV2cI6o2CWbzMWbHAEjySJjues=,6I6cLRAuLnmXNdGXmBfUP311q1U=
-2,20,woV2cI6o2CWbzMWbHAEjySJjues=,6I6cLRAuLnmXNdGXmBfUP311q1U=
-1,19,woV2cI6o2CWbzMWbHAEjySJjues=,6I6cLRAuLnmXNdGXmBfUP311q1U=
-2,19,woV2cI6o2CWbzMWbHAEjySJjues=,6I6cLRAuLnmXNdGXmBfUP311q1U=
-3,19,woV2cI6o2CWbzMWbHAEjySJjues=,6I6cLRAuLnmXNdGXmBfUP311q1U=
-1,20,woV2cI6o2CWbzMWbHAEjySJjues=,6I6cLRAuLnmXNdGXmBfUP311q1U=
-2,22,woV2cI6o2CWbzMWbHAEjySJjues=,6I6cLRAuLnmXNdGXmBfUP311q1U=
-3,22,woV2cI6o2CWbzMWbHAEjySJjues=,6I6cLRAuLnmXNdGXmBfUP311q1U=
-1,22,woV2cI6o2CWbzMWbHAEjySJjues=,6I6cLRAuLnmXNdGXmBfUP311q1U=
-1,23,woV2cI6o2CWbzMWbHAEjySJjues=,6I6cLRAuLnmXNdGXmBfUP311q1U=
-3,21,woV2cI6o2CWbzMWbHAEjySJjues=,6I6cLRAuLnmXNdGXmBfUP311q1U=
-2,23,woV2cI6o2CWbzMWbHAEjySJjues=,6I6cLRAuLnmXNdGXmBfUP311q1U=
-1,21,woV2cI6o2CWbzMWbHAEjySJjues=,6I6cLRAuLnmXNdGXmBfUP311q1U=
-2,21,woV2cI6o2CWbzMWbHAEjySJjues=,6I6cLRAuLnmXNdGXmBfUP311q1U=
-5,17,woV2cI6o2CWbzMWbHAEjySJjues=,6I6cLRAuLnmXNdGXmBfUP311q1U=
-3,23,woV2cI6o2CWbzMWbHAEjySJjues=,6I6cLRAuLnmXNdGXmBfUP311q1U=
-1,18,woV2cI6o2CWbzMWbHAEjySJjues=,6I6cLRAuLnmXNdGXmBfUP311q1U=
-4,17,woV2cI6o2CWbzMWbHAEjySJjues=,6I6cLRAuLnmXNdGXmBfUP311q1U=
-2,17,woV2cI6o2CWbzMWbHAEjySJjues=,6I6cLRAuLnmXNdGXmBfUP311q1U=
-2,18,woV2cI6o2CWbzMWbHAEjySJjues=,6I6cLRAuLnmXNdGXmBfUP311q1U=
-1,17,woV2cI6o2CWbzMWbHAEjySJjues=,6I6cLRAuLnmXNdGXmBfUP311q1U=
-3,17,woV2cI6o2CWbzMWbHAEjySJjues=,6I6cLRAuLnmXNdGXmBfUP311q1U=
-3,18,woV2cI6o2CWbzMWbHAEjySJjues=,6I6cLRAuLnmXNdGXmBfUP311q1U=
-5,18,woV2cI6o2CWbzMWbHAEjySJjues=,6I6cLRAuLnmXNdGXmBfUP311q1U=
-4,18,woV2cI6o2CWbzMWbHAEjySJjues=,6I6cLRAuLnmXNdGXmBfUP311q1U=
-3,16,woV2cI6o2CWbzMWbHAEjySJjues=,6I6cLRAuLnmXNdGXmBfUP311q1U=
-5,16,woV2cI6o2CWbzMWbHAEjySJjues=,6I6cLRAuLnmXNdGXmBfUP311q1U=
-1,16,woV2cI6o2CWbzMWbHAEjySJjues=,6I6cLRAuLnmXNdGXmBfUP311q1U=
-2,16,woV2cI6o2CWbzMWbHAEjySJjues=,6I6cLRAuLnmXNdGXmBfUP311q1U=
-4,16,woV2cI6o2CWbzMWbHAEjySJjues=,6I6cLRAuLnmXNdGXmBfUP311q1U=
-9,18,woV2cI6o2CWbzMWbHAEjySJjues=,Ss/AQNl4qJTHNwCFid1N5zITJv8=
-6,17,woV2cI6o2CWbzMWbHAEjySJjues=,6I6cLRAuLnmXNdGXmBfUP311q1U=
-7,17,woV2cI6o2CWbzMWbHAEjySJjues=,6I6cLRAuLnmXNdGXmBfUP311q1U=
-10,18,woV2cI6o2CWbzMWbHAEjySJjues=,Ss/AQNl4qJTHNwCFid1N5zITJv8=
-12,18,woV2cI6o2CWbzMWbHAEjySJjues=,Ss/AQNl4qJTHNwCFid1N5zITJv8=
-11,18,woV2cI6o2CWbzMWbHAEjySJjues=,Ss/AQNl4qJTHNwCFid1N5zITJv8=
-10,17,woV2cI6o2CWbzMWbHAEjySJjues=,Ss/AQNl4qJTHNwCFid1N5zITJv8=
-9,17,woV2cI6o2CWbzMWbHAEjySJjues=,Ss/AQNl4qJTHNwCFid1N5zITJv8=
-13,18,woV2cI6o2CWbzMWbHAEjySJjues=,Ss/AQNl4qJTHNwCFid1N5zITJv8=
-6,18,woV2cI6o2CWbzMWbHAEjySJjues=,6I6cLRAuLnmXNdGXmBfUP311q1U=
-11,17,woV2cI6o2CWbzMWbHAEjySJjues=,Ss/AQNl4qJTHNwCFid1N5zITJv8=
-13,17,woV2cI6o2CWbzMWbHAEjySJjues=,Ss/AQNl4qJTHNwCFid1N5zITJv8=
-12,17,woV2cI6o2CWbzMWbHAEjySJjues=,Ss/AQNl4qJTHNwCFid1N5zITJv8=
-8,17,woV2cI6o2CWbzMWbHAEjySJjues=,6I6cLRAuLnmXNdGXmBfUP311q1U=
-8,18,woV2cI6o2CWbzMWbHAEjySJjues=,6I6cLRAuLnmXNdGXmBfUP311q1U=
-7,18,woV2cI6o2CWbzMWbHAEjySJjues=,6I6cLRAuLnmXNdGXmBfUP311q1U=
-12,16,woV2cI6o2CWbzMWbHAEjySJjues=,Ss/AQNl4qJTHNwCFid1N5zITJv8=
-13,16,woV2cI6o2CWbzMWbHAEjySJjues=,Ss/AQNl4qJTHNwCFid1N5zITJv8=
-6,16,woV2cI6o2CWbzMWbHAEjySJjues=,6I6cLRAuLnmXNdGXmBfUP311q1U=
-11,16,woV2cI6o2CWbzMWbHAEjySJjues=,Ss/AQNl4qJTHNwCFid1N5zITJv8=
-7,16,woV2cI6o2CWbzMWbHAEjySJjues=,6I6cLRAuLnmXNdGXmBfUP311q1U=
-9,16,woV2cI6o2CWbzMWbHAEjySJjues=,Ss/AQNl4qJTHNwCFid1N5zITJv8=
-8,16,woV2cI6o2CWbzMWbHAEjySJjues=,6I6cLRAuLnmXNdGXmBfUP311q1U=
-10,16,woV2cI6o2CWbzMWbHAEjySJjues=,Ss/AQNl4qJTHNwCFid1N5zITJv8=
-15,20,woV2cI6o2CWbzMWbHAEjySJjues=,Ss/AQNl4qJTHNwCFid1N5zITJv8=
-16,20,woV2cI6o2CWbzMWbHAEjySJjues=,Ss/AQNl4qJTHNwCFid1N5zITJv8=
-14,19,woV2cI6o2CWbzMWbHAEjySJjues=,Ss/AQNl4qJTHNwCFid1N5zITJv8=
-14,20,woV2cI6o2CWbzMWbHAEjySJjues=,Ss/AQNl4qJTHNwCFid1N5zITJv8=
-16,19,woV2cI6o2CWbzMWbHAEjySJjues=,Ss/AQNl4qJTHNwCFid1N5zITJv8=
-15,19,woV2cI6o2CWbzMWbHAEjySJjues=,Ss/AQNl4qJTHNwCFid1N5zITJv8=
-14,21,woV2cI6o2CWbzMWbHAEjySJjues=,Ss/AQNl4qJTHNwCFid1N5zITJv8=
-14,23,woV2cI6o2CWbzMWbHAEjySJjues=,Ss/AQNl4qJTHNwCFid1N5zITJv8=
-15,21,woV2cI6o2CWbzMWbHAEjySJjues=,Ss/AQNl4qJTHNwCFid1N5zITJv8=
-16,23,woV2cI6o2CWbzMWbHAEjySJjues=,Ss/AQNl4qJTHNwCFid1N5zITJv8=
-16,22,woV2cI6o2CWbzMWbHAEjySJjues=,Ss/AQNl4qJTHNwCFid1N5zITJv8=
-14,22,woV2cI6o2CWbzMWbHAEjySJjues=,Ss/AQNl4qJTHNwCFid1N5zITJv8=
-16,21,woV2cI6o2CWbzMWbHAEjySJjues=,Ss/AQNl4qJTHNwCFid1N5zITJv8=
-15,23,woV2cI6o2CWbzMWbHAEjySJjues=,Ss/AQNl4qJTHNwCFid1N5zITJv8=
-15,22,woV2cI6o2CWbzMWbHAEjySJjues=,Ss/AQNl4qJTHNwCFid1N5zITJv8=
-15,17,woV2cI6o2CWbzMWbHAEjySJjues=,Ss/AQNl4qJTHNwCFid1N5zITJv8=
-15,18,woV2cI6o2CWbzMWbHAEjySJjues=,Ss/AQNl4qJTHNwCFid1N5zITJv8=
-16,17,woV2cI6o2CWbzMWbHAEjySJjues=,Ss/AQNl4qJTHNwCFid1N5zITJv8=
-16,18,woV2cI6o2CWbzMWbHAEjySJjues=,Ss/AQNl4qJTHNwCFid1N5zITJv8=
-14,18,woV2cI6o2CWbzMWbHAEjySJjues=,Ss/AQNl4qJTHNwCFid1N5zITJv8=
-14,17,woV2cI6o2CWbzMWbHAEjySJjues=,Ss/AQNl4qJTHNwCFid1N5zITJv8=
-16,16,woV2cI6o2CWbzMWbHAEjySJjues=,Ss/AQNl4qJTHNwCFid1N5zITJv8=
-15,16,woV2cI6o2CWbzMWbHAEjySJjues=,Ss/AQNl4qJTHNwCFid1N5zITJv8=
-14,16,woV2cI6o2CWbzMWbHAEjySJjues=,Ss/AQNl4qJTHNwCFid1N5zITJv8=
