3,12,/1VxR4cYJhiqnaHnp83tFzynXAI=,EMFt9QLX8llqHZLfC6GkK4jT2+k=
4,12,/1VxR4cYJhiqnaHnp83tFzynXAI=,EMFt9QLX8llqHZLfC6GkK4jT2+k=
3,11,goNygJxXfq97wBnR6f5DEdpBX6k=,EMFt9QLX8llqHZLfC6GkK4jT2+k=
4,11,goNygJxXfq97wBnR6f5DEdpBX6k=,EMFt9QLX8llqHZLfC6GkK4jT2+k=
3,7,goNygJxXfq97wBnR6f5DEdpBX6k=,8PW3GJ/ymFI4BwKWwwZdc5Ldc2Y=
4,7,goNygJxXfq97wBnR6f5DEdpBX6k=,8PW3GJ/ymFI4BwKWwwZdc5Ldc2Y=
3,8,goNygJxXfq97wBnR6f5DEdpBX6k=,EMFt9QLX8llqHZLfC6GkK4jT2+k=
4,8,goNygJxXfq97wBnR6f5DEdpBX6k=,EMFt9QLX8llqHZLfC6GkK4jT2+k=
3,10,goNygJxXfq97wBnR6f5DEdpBX6k=,EMFt9QLX8llqHZLfC6GkK4jT2+k=
3,3,goNygJxXfq97wBnR6f5DEdpBX6k=,8PW3GJ/ymFI4BwKWwwZdc5Ldc2Y=
4,3,goNygJxXfq97wBnR6f5DEdpBX6k=,8PW3GJ/ymFI4BwKWwwZdc5Ldc2Y=
3,9,goNygJxXfq97wBnR6f5DEdpBX6k=,EMFt9QLX8llqHZLfC6GkK4jT2+k=
4,9,goNygJxXfq97wBnR6f5DEdpBX6k=,EMFt9QLX8llqHZLfC6GkK4jT2+k=
3,4,goNygJxXfq97wBnR6f5DEdpBX6k=,8PW3GJ/ymFI4BwKWwwZdc5Ldc2Y=
4,4,goNygJxXfq97wBnR6f5DEdpBX6k=,8PW3GJ/ymFI4BwKWwwZdc5Ldc2Y=
3,6,goNygJxXfq97wBnR6f5DEdpBX6k=,8PW3GJ/ymFI4BwKWwwZdc5Ldc2Y=
4,5,goNygJxXfq97wBnR6f5DEdpBX6k=,8PW3GJ/ymFI4BwKWwwZdc5Ldc2Y=
4,6,goNygJxXfq97wBnR6f5DEdpBX6k=,8PW3GJ/ymFI4BwKWwwZdc5Ldc2Y=
3,5,goNygJxXfq97wBnR6f5DEdpBX6k=,8PW3GJ/ymFI4BwKWwwZdc5Ldc2Y=
4,10,goNygJxXfq97wBnR6f5DEdpBX6k=,EMFt9QLX8llqHZLfC6GkK4jT2+k=
12,11,goNygJxXfq97wBnR6f5DEdpBX6k=,FrFCYtaY5g8hWsrs5m026eUiV68=
12,7,goNygJxXfq97wBnR6f5DEdpBX6k=,nusoxN6ifK05sHP51xYNPoNvZJY=
8,12,goNygJxXfq97wBnR6f5DEdpBX6k=,FrFCYtaY5g8hWsrs5m026eUiV68=
9,12,goNygJxXfq97wBnR6f5DEdpBX6k=,FrFCYtaY5g8hWsrs5m026eUiV68=
12,5,goNygJxXfq97wBnR6f5DEdpBX6k=,nusoxN6ifK05sHP51xYNPoNvZJY=
8,6,goNygJxXfq97wBnR6f5DEdpBX6k=,nusoxN6ifK05sHP51xYNPoNvZJY=
9,6,goNygJxXfq97wBnR6f5DEdpBX6k=,nusoxN6ifK05sHP51xYNPoNvZJY=
5,7,goNygJxXfq97wBnR6f5DEdpBX6k=,8PW3GJ/ymFI4BwKWwwZdc5Ldc2Y=
6,7,goNygJxXfq97wBnR6f5DEdpBX6k=,8PW3GJ/ymFI4BwKWwwZdc5Ldc2Y=
10,6,goNygJxXfq97wBnR6f5DEdpBX6k=,nusoxN6ifK05sHP51xYNPoNvZJY=
11,6,goNygJxXfq97wBnR6f5DEdpBX6k=,nusoxN6ifK05sHP51xYNPoNvZJY=
7,7,goNygJxXfq97wBnR6f5DEdpBX6k=,8PW3GJ/ymFI4BwKWwwZdc5Ldc2Y=
8,11,goNygJxXfq97wBnR6f5DEdpBX6k=,FrFCYtaY5g8hWsrs5m026eUiV68=
10,12,goNygJxXfq97wBnR6f5DEdpBX6k=,FrFCYtaY5g8hWsrs5m026eUiV68=
11,12,goNygJxXfq97wBnR6f5DEdpBX6k=,FrFCYtaY5g8hWsrs5m026eUiV68=
12,12,goNygJxXfq97wBnR6f5DEdpBX6k=,FrFCYtaY5g8hWsrs5m026eUiV68=
12,3,goNygJxXfq97wBnR6f5DEdpBX6k=,nusoxN6ifK05sHP51xYNPoNvZJY=
12,6,goNygJxXfq97wBnR6f5DEdpBX6k=,nusoxN6ifK05sHP51xYNPoNvZJY=
5,8,goNygJxXfq97wBnR6f5DEdpBX6k=,EMFt9QLX8llqHZLfC6GkK4jT2+k=
6,8,goNygJxXfq97wBnR6f5DEdpBX6k=,EMFt9QLX8llqHZLfC6GkK4jT2+k=
11,11,goNygJxXfq97wBnR6f5DEdpBX6k=,FrFCYtaY5g8hWsrs5m026eUiV68=
7,5,goNygJxXfq97wBnR6f5DEdpBX6k=,8PW3GJ/ymFI4BwKWwwZdc5Ldc2Y=
6,5,goNygJxXfq97wBnR6f5DEdpBX6k=,8PW3GJ/ymFI4BwKWwwZdc5Ldc2Y=
11,3,goNygJxXfq97wBnR6f5DEdpBX6k=,nusoxN6ifK05sHP51xYNPoNvZJY=
7,8,goNygJxXfq97wBnR6f5DEdpBX6k=,EMFt9QLX8llqHZLfC6GkK4jT2+k=
10,11,goNygJxXfq97wBnR6f5DEdpBX6k=,FrFCYtaY5g8hWsrs5m026eUiV68=
8,4,goNygJxXfq97wBnR6f5DEdpBX6k=,nusoxN6ifK05sHP51xYNPoNvZJY=
7,6,goNygJxXfq97wBnR6f5DEdpBX6k=,8PW3GJ/ymFI4BwKWwwZdc5Ldc2Y=
10,4,goNygJxXfq97wBnR6f5DEdpBX6k=,nusoxN6ifK05sHP51xYNPoNvZJY=
9,4,goNygJxXfq97wBnR6f5DEdpBX6k=,nusoxN6ifK05sHP51xYNPoNvZJY=
8,5,goNygJxXfq97wBnR6f5DEdpBX6k=,nusoxN6ifK05sHP51xYNPoNvZJY=
11,4,goNygJxXfq97wBnR6f5DEdpBX6k=,nusoxN6ifK05sHP51xYNPoNvZJY=
12,4,goNygJxXfq97wBnR6f5DEdpBX6k=,nusoxN6ifK05sHP51xYNPoNvZJY=
7,10,goNygJxXfq97wBnR6f5DEdpBX6k=,EMFt9QLX8llqHZLfC6GkK4jT2+k=
8,10,goNygJxXfq97wBnR6f5DEdpBX6k=,FrFCYtaY5g8hWsrs5m026eUiV68=
8,8,goNygJxXfq97wBnR6f5DEdpBX6k=,FrFCYtaY5g8hWsrs5m026eUiV68=
9,5,goNygJxXfq97wBnR6f5DEdpBX6k=,nusoxN6ifK05sHP51xYNPoNvZJY=
10,5,goNygJxXfq97wBnR6f5DEdpBX6k=,nusoxN6ifK05sHP51xYNPoNvZJY=
9,8,goNygJxXfq97wBnR6f5DEdpBX6k=,FrFCYtaY5g8hWsrs5m026eUiV68=
11,8,goNygJxXfq97wBnR6f5DEdpBX6k=,FrFCYtaY5g8hWsrs5m026eUiV68=
5,3,goNygJxXfq97wBnR6f5DEdpBX6k=,8PW3GJ/ymFI4BwKWwwZdc5Ldc2Y=
8,7,goNygJxXfq97wBnR6f5DEdpBX6k=,nusoxN6ifK05sHP51xYNPoNvZJY=
6,3,goNygJxXfq97wBnR6f5DEdpBX6k=,8PW3GJ/ymFI4BwKWwwZdc5Ldc2Y=
10,8,goNygJxXfq97wBnR6f5DEdpBX6k=,FrFCYtaY5g8hWsrs5m026eUiV68=
9,7,goNygJxXfq97wBnR6f5DEdpBX6k=,nusoxN6ifK05sHP51xYNPoNvZJY=
5,9,goNygJxXfq97wBnR6f5DEdpBX6k=,EMFt9QLX8llqHZLfC6GkK4jT2+k=
7,3,goNygJxXfq97wBnR6f5DEdpBX6k=,8PW3GJ/ymFI4BwKWwwZdc5Ldc2Y=
9,10,goNygJxXfq97wBnR6f5DEdpBX6k=,FrFCYtaY5g8hWsrs5m026eUiV68=
10,10,goNygJxXfq97wBnR6f5DEdpBX6k=,FrFCYtaY5g8hWsrs5m026eUiV68=
9,9,goNygJxXfq97wBnR6f5DEdpBX6k=,FrFCYtaY5g8hWsrs5m026eUiV68=
11,10,goNygJxXfq97wBnR6f5DEdpBX6k=,FrFCYtaY5g8hWsrs5m026eUiV68=
8,9,goNygJxXfq97wBnR6f5DEdpBX6k=,FrFCYtaY5g8hWsrs5m026eUiV68=
10,7,goNygJxXfq97wBnR6f5DEdpBX6k=,nusoxN6ifK05sHP51xYNPoNvZJY=
11,7,goNygJxXfq97wBnR6f5DEdpBX6k=,nusoxN6ifK05sHP51xYNPoNvZJY=
6,4,goNygJxXfq97wBnR6f5DEdpBX6k=,8PW3GJ/ymFI4BwKWwwZdc5Ldc2Y=
10,9,goNygJxXfq97wBnR6f5DEdpBX6k=,FrFCYtaY5g8hWsrs5m026eUiV68=
7,4,goNygJxXfq97wBnR6f5DEdpBX6k=,8PW3GJ/ymFI4BwKWwwZdc5Ldc2Y=
5,10,goNygJxXfq97wBnR6f5DEdpBX6k=,EMFt9QLX8llqHZLfC6GkK4jT2+k=
5,5,goNygJxXfq97wBnR6f5DEdpBX6k=,8PW3GJ/ymFI4BwKWwwZdc5Ldc2Y=
11,9,goNygJxXfq97wBnR6f5DEdpBX6k=,FrFCYtaY5g8hWsrs5m026eUiV68=
5,4,goNygJxXfq97wBnR6f5DEdpBX6k=,8PW3GJ/ymFI4BwKWwwZdc5Ldc2Y=
5,6,goNygJxXfq97wBnR6f5DEdpBX6k=,8PW3GJ/ymFI4BwKWwwZdc5Ldc2Y=
12,9,goNygJxXfq97wBnR6f5DEdpBX6k=,FrFCYtaY5g8hWsrs5m026eUiV68=
7,9,goNygJxXfq97wBnR6f5DEdpBX6k=,EMFt9QLX8llqHZLfC6GkK4jT2+k=
12,10,goNygJxXfq97wBnR6f5DEdpBX6k=,FrFCYtaY5g8hWsrs5m026eUiV68=
6,10,goNygJxXfq97wBnR6f5DEdpBX6k=,EMFt9QLX8llqHZLfC6GkK4jT2+k=
8,3,goNygJxXfq97wBnR6f5DEdpBX6k=,nusoxN6ifK05sHP51xYNPoNvZJY=
6,6,goNygJxXfq97wBnR6f5DEdpBX6k=,8PW3GJ/ymFI4BwKWwwZdc5Ldc2Y=
10,3,goNygJxXfq97wBnR6f5DEdpBX6k=,nusoxN6ifK05sHP51xYNPoNvZJY=
6,9,goNygJxXfq97wBnR6f5DEdpBX6k=,EMFt9QLX8llqHZLfC6GkK4jT2+k=
9,11,goNygJxXfq97wBnR6f5DEdpBX6k=,FrFCYtaY5g8hWsrs5m026eUiV68=
9,3,goNygJxXfq97wBnR6f5DEdpBX6k=,nusoxN6ifK05sHP51xYNPoNvZJY=
5,12,goNygJxXfq97wBnR6f5DEdpBX6k=,EMFt9QLX8llqHZLfC6GkK4jT2+k=
5,11,goNygJxXfq97wBnR6f5DEdpBX6k=,EMFt9QLX8llqHZLfC6GkK4jT2+k=
6,11,goNygJxXfq97wBnR6f5DEdpBX6k=,EMFt9QLX8llqHZLfC6GkK4jT2+k=
7,11,goNygJxXfq97wBnR6f5DEdpBX6k=,EMFt9QLX8llqHZLfC6GkK4jT2+k=
11,5,goNygJxXfq97wBnR6f5DEdpBX6k=,nusoxN6ifK05sHP51xYNPoNvZJY=
6,12,goNygJxXfq97wBnR6f5DEdpBX6k=,EMFt9QLX8llqHZLfC6GkK4jT2+k=
12,8,goNygJxXfq97wBnR6f5DEdpBX6k=,FrFCYtaY5g8hWsrs5m026eUiV68=
7,12,goNygJxXfq97wBnR6f5DEdpBX6k=,EMFt9QLX8llqHZLfC6GkK4jT2+k=
14,3,goNygJxXfq97wBnR6f5DEdpBX6k=,nusoxN6ifK05sHP51xYNPoNvZJY=
15,3,goNygJxXfq97wBnR6f5DEdpBX6k=,nusoxN6ifK05sHP51xYNPoNvZJY=
13,3,goNygJxXfq97wBnR6f5DEdpBX6k=,nusoxN6ifK05sHP51xYNPoNvZJY=
15,4,goNygJxXfq97wBnR6f5DEdpBX6k=,nusoxN6ifK05sHP51xYNPoNvZJY=
13,4,goNygJxXfq97wBnR6f5DEdpBX6k=,nusoxN6ifK05sHP51xYNPoNvZJY=
15,9,goNygJxXfq97wBnR6f5DEdpBX6k=,FrFCYtaY5g8hWsrs5m026eUiV68=
14,9,goNygJxXfq97wBnR6f5DEdpBX6k=,FrFCYtaY5g8hWsrs5m026eUiV68=
14,4,goNygJxXfq97wBnR6f5DEdpBX6k=,nusoxN6ifK05sHP51xYNPoNvZJY=
13,9,goNygJxXfq97wBnR6f5DEdpBX6k=,FrFCYtaY5g8hWsrs5m026eUiV68=
15,8,goNygJxXfq97wBnR6f5DEdpBX6k=,FrFCYtaY5g8hWsrs5m026eUiV68=
15,7,goNygJxXfq97wBnR6f5DEdpBX6k=,nusoxN6ifK05sHP51xYNPoNvZJY=
14,7,goNygJxXfq97wBnR6f5DEdpBX6k=,nusoxN6ifK05sHP51xYNPoNvZJY=
14,8,goNygJxXfq97wBnR6f5DEdpBX6k=,FrFCYtaY5g8hWsrs5m026eUiV68=
13,8,goNygJxXfq97wBnR6f5DEdpBX6k=,FrFCYtaY5g8hWsrs5m026eUiV68=
13,11,goNygJxXfq97wBnR6f5DEdpBX6k=,FrFCYtaY5g8hWsrs5m026eUiV68=
15,6,goNygJxXfq97wBnR6f5DEdpBX6k=,nusoxN6ifK05sHP51xYNPoNvZJY=
13,6,goNygJxXfq97wBnR6f5DEdpBX6k=,nusoxN6ifK05sHP51xYNPoNvZJY=
14,6,goNygJxXfq97wBnR6f5DEdpBX6k=,nusoxN6ifK05sHP51xYNPoNvZJY=
14,12,goNygJxXfq97wBnR6f5DEdpBX6k=,FrFCYtaY5g8hWsrs5m026eUiV68=
14,10,goNygJxXfq97wBnR6f5DEdpBX6k=,FrFCYtaY5g8hWsrs5m026eUiV68=
13,10,goNygJxXfq97wBnR6f5DEdpBX6k=,FrFCYtaY5g8hWsrs5m026eUiV68=
13,12,goNygJxXfq97wBnR6f5DEdpBX6k=,FrFCYtaY5g8hWsrs5m026eUiV68=
15,12,goNygJxXfq97wBnR6f5DEdpBX6k=,FrFCYtaY5g8hWsrs5m026eUiV68=
15,10,goNygJxXfq97wBnR6f5DEdpBX6k=,FrFCYtaY5g8hWsrs5m026eUiV68=
13,7,goNygJxXfq97wBnR6f5DEdpBX6k=,nusoxN6ifK05sHP51xYNPoNvZJY=
14,5,goNygJxXfq97wBnR6f5DEdpBX6k=,nusoxN6ifK05sHP51xYNPoNvZJY=
14,11,goNygJxXfq97wBnR6f5DEdpBX6k=,FrFCYtaY5g8hWsrs5m026eUiV68=
15,5,goNygJxXfq97wBnR6f5DEdpBX6k=,nusoxN6ifK05sHP51xYNPoNvZJY=
13,5,goNygJxXfq97wBnR6f5DEdpBX6k=,nusoxN6ifK05sHP51xYNPoNvZJY=
15,11,goNygJxXfq97wBnR6f5DEdpBX6k=,FrFCYtaY5g8hWsrs5m026eUiV68=
11,0,fNCFcoiLHQ2cxWTOzUWfpVd3k4M=,nusoxN6ifK05sHP51xYNPoNvZJY=
12,0,fNCFcoiLHQ2cxWTOzUWfpVd3k4M=,nusoxN6ifK05sHP51xYNPoNvZJY=
11,1,fNCFcoiLHQ2cxWTOzUWfpVd3k4M=,nusoxN6ifK05sHP51xYNPoNvZJY=
12,1,fNCFcoiLHQ2cxWTOzUWfpVd3k4M=,nusoxN6ifK05sHP51xYNPoNvZJY=
11,2,fNCFcoiLHQ2cxWTOzUWfpVd3k4M=,nusoxN6ifK05sHP51xYNPoNvZJY=
12,2,fNCFcoiLHQ2cxWTOzUWfpVd3k4M=,nusoxN6ifK05sHP51xYNPoNvZJY=
0,12,fNCFcoiLHQ2cxWTOzUWfpVd3k4M=,EMFt9QLX8llqHZLfC6GkK4jT2+k=
1,12,fNCFcoiLHQ2cxWTOzUWfpVd3k4M=,EMFt9QLX8llqHZLfC6GkK4jT2+k=
2,12,fNCFcoiLHQ2cxWTOzUWfpVd3k4M=,EMFt9QLX8llqHZLfC6GkK4jT2+k=
0,11,fNCFcoiLHQ2cxWTOzUWfpVd3k4M=,EMFt9QLX8llqHZLfC6GkK4jT2+k=
1,11,fNCFcoiLHQ2cxWTOzUWfpVd3k4M=,EMFt9QLX8llqHZLfC6GkK4jT2+k=
2,11,fNCFcoiLHQ2cxWTOzUWfpVd3k4M=,EMFt9QLX8llqHZLfC6GkK4jT2+k=
8,0,fNCFcoiLHQ2cxWTOzUWfpVd3k4M=,nusoxN6ifK05sHP51xYNPoNvZJY=
1,7,fNCFcoiLHQ2cxWTOzUWfpVd3k4M=,8PW3GJ/ymFI4BwKWwwZdc5Ldc2Y=
9,0,fNCFcoiLHQ2cxWTOzUWfpVd3k4M=,nusoxN6ifK05sHP51xYNPoNvZJY=
10,0,fNCFcoiLHQ2cxWTOzUWfpVd3k4M=,nusoxN6ifK05sHP51xYNPoNvZJY=
8,1,fNCFcoiLHQ2cxWTOzUWfpVd3k4M=,nusoxN6ifK05sHP51xYNPoNvZJY=
9,1,nB9G2UGXPObk0YhdfMMJ3ihOP0I=,nusoxN6ifK05sHP51xYNPoNvZJY=
10,1,nB9G2UGXPObk0YhdfMMJ3ihOP0I=,nusoxN6ifK05sHP51xYNPoNvZJY=
8,2,nB9G2UGXPObk0YhdfMMJ3ihOP0I=,nusoxN6ifK05sHP51xYNPoNvZJY=
3,2,nB9G2UGXPObk0YhdfMMJ3ihOP0I=,8PW3GJ/ymFI4BwKWwwZdc5Ldc2Y=
4,2,nB9G2UGXPObk0YhdfMMJ3ihOP0I=,8PW3GJ/ymFI4BwKWwwZdc5Ldc2Y=
5,2,nB9G2UGXPObk0YhdfMMJ3ihOP0I=,8PW3GJ/ymFI4BwKWwwZdc5Ldc2Y=
9,2,nB9G2UGXPObk0YhdfMMJ3ihOP0I=,nusoxN6ifK05sHP51xYNPoNvZJY=
10,2,nB9G2UGXPObk0YhdfMMJ3ihOP0I=,nusoxN6ifK05sHP51xYNPoNvZJY=
3,1,nB9G2UGXPObk0YhdfMMJ3ihOP0I=,8PW3GJ/ymFI4BwKWwwZdc5Ldc2Y=
4,1,nB9G2UGXPObk0YhdfMMJ3ihOP0I=,8PW3GJ/ymFI4BwKWwwZdc5Ldc2Y=
3,0,nB9G2UGXPObk0YhdfMMJ3ihOP0I=,8PW3GJ/ymFI4BwKWwwZdc5Ldc2Y=
5,1,nB9G2UGXPObk0YhdfMMJ3ihOP0I=,8PW3GJ/ymFI4BwKWwwZdc5Ldc2Y=
7,0,nB9G2UGXPObk0YhdfMMJ3ihOP0I=,8PW3GJ/ymFI4BwKWwwZdc5Ldc2Y=
6,1,nB9G2UGXPObk0YhdfMMJ3ihOP0I=,8PW3GJ/ymFI4BwKWwwZdc5Ldc2Y=
7,1,nB9G2UGXPObk0YhdfMMJ3ihOP0I=,8PW3GJ/ymFI4BwKWwwZdc5Ldc2Y=
6,0,nB9G2UGXPObk0YhdfMMJ3ihOP0I=,8PW3GJ/ymFI4BwKWwwZdc5Ldc2Y=
6,2,nB9G2UGXPObk0YhdfMMJ3ihOP0I=,8PW3GJ/ymFI4BwKWwwZdc5Ldc2Y=
4,0,nB9G2UGXPObk0YhdfMMJ3ihOP0I=,8PW3GJ/ymFI4BwKWwwZdc5Ldc2Y=
5,0,nB9G2UGXPObk0YhdfMMJ3ihOP0I=,8PW3GJ/ymFI4BwKWwwZdc5Ldc2Y=
0,6,nB9G2UGXPObk0YhdfMMJ3ihOP0I=,8PW3GJ/ymFI4BwKWwwZdc5Ldc2Y=
2,6,nB9G2UGXPObk0YhdfMMJ3ihOP0I=,8PW3GJ/ymFI4BwKWwwZdc5Ldc2Y=
0,7,nB9G2UGXPObk0YhdfMMJ3ihOP0I=,8PW3GJ/ymFI4BwKWwwZdc5Ldc2Y=
7,2,nB9G2UGXPObk0YhdfMMJ3ihOP0I=,8PW3GJ/ymFI4BwKWwwZdc5Ldc2Y=
0,10,nB9G2UGXPObk0YhdfMMJ3ihOP0I=,EMFt9QLX8llqHZLfC6GkK4jT2+k=
1,2,nB9G2UGXPObk0YhdfMMJ3ihOP0I=,8PW3GJ/ymFI4BwKWwwZdc5Ldc2Y=
0,0,nB9G2UGXPObk0YhdfMMJ3ihOP0I=,8PW3GJ/ymFI4BwKWwwZdc5Ldc2Y=
2,2,nB9G2UGXPObk0YhdfMMJ3ihOP0I=,8PW3GJ/ymFI4BwKWwwZdc5Ldc2Y=
1,6,nB9G2UGXPObk0YhdfMMJ3ihOP0I=,8PW3GJ/ymFI4BwKWwwZdc5Ldc2Y=
2,3,nB9G2UGXPObk0YhdfMMJ3ihOP0I=,8PW3GJ/ymFI4BwKWwwZdc5Ldc2Y=
1,0,nB9G2UGXPObk0YhdfMMJ3ihOP0I=,8PW3GJ/ymFI4BwKWwwZdc5Ldc2Y=
0,1,nB9G2UGXPObk0YhdfMMJ3ihOP0I=,8PW3GJ/ymFI4BwKWwwZdc5Ldc2Y=
2,0,nB9G2UGXPObk0YhdfMMJ3ihOP0I=,8PW3GJ/ymFI4BwKWwwZdc5Ldc2Y=
1,1,nB9G2UGXPObk0YhdfMMJ3ihOP0I=,8PW3GJ/ymFI4BwKWwwZdc5Ldc2Y=
0,3,nB9G2UGXPObk0YhdfMMJ3ihOP0I=,8PW3GJ/ymFI4BwKWwwZdc5Ldc2Y=
2,1,nB9G2UGXPObk0YhdfMMJ3ihOP0I=,8PW3GJ/ymFI4BwKWwwZdc5Ldc2Y=
0,2,nB9G2UGXPObk0YhdfMMJ3ihOP0I=,8PW3GJ/ymFI4BwKWwwZdc5Ldc2Y=
1,5,nB9G2UGXPObk0YhdfMMJ3ihOP0I=,8PW3GJ/ymFI4BwKWwwZdc5Ldc2Y=
0,5,nB9G2UGXPObk0YhdfMMJ3ihOP0I=,8PW3GJ/ymFI4BwKWwwZdc5Ldc2Y=
2,5,nB9G2UGXPObk0YhdfMMJ3ihOP0I=,8PW3GJ/ymFI4BwKWwwZdc5Ldc2Y=
1,3,nB9G2UGXPObk0YhdfMMJ3ihOP0I=,8PW3GJ/ymFI4BwKWwwZdc5Ldc2Y=
2,4,nB9G2UGXPObk0YhdfMMJ3ihOP0I=,8PW3GJ/ymFI4BwKWwwZdc5Ldc2Y=
1,4,nB9G2UGXPObk0YhdfMMJ3ihOP0I=,8PW3GJ/ymFI4BwKWwwZdc5Ldc2Y=
0,4,nB9G2UGXPObk0YhdfMMJ3ihOP0I=,8PW3GJ/ymFI4BwKWwwZdc5Ldc2Y=
2,9,nB9G2UGXPObk0YhdfMMJ3ihOP0I=,EMFt9QLX8llqHZLfC6GkK4jT2+k=
1,9,nB9G2UGXPObk0YhdfMMJ3ihOP0I=,EMFt9QLX8llqHZLfC6GkK4jT2+k=
2,10,nB9G2UGXPObk0YhdfMMJ3ihOP0I=,EMFt9QLX8llqHZLfC6GkK4jT2+k=
1,10,nB9G2UGXPObk0YhdfMMJ3ihOP0I=,EMFt9QLX8llqHZLfC6GkK4jT2+k=
2,8,nB9G2UGXPObk0YhdfMMJ3ihOP0I=,EMFt9QLX8llqHZLfC6GkK4jT2+k=
1,8,nB9G2UGXPObk0YhdfMMJ3ihOP0I=,EMFt9QLX8llqHZLfC6GkK4jT2+k=
0,8,nB9G2UGXPObk0YhdfMMJ3ihOP0I=,EMFt9QLX8llqHZLfC6GkK4jT2+k=
0,9,nB9G2UGXPObk0YhdfMMJ3ihOP0I=,EMFt9QLX8llqHZLfC6GkK4jT2+k=
2,7,nB9G2UGXPObk0YhdfMMJ3ihOP0I=,8PW3GJ/ymFI4BwKWwwZdc5Ldc2Y=
3,13,nB9G2UGXPObk0YhdfMMJ3ihOP0I=,EMFt9QLX8llqHZLfC6GkK4jT2+k=
4,13,nB9G2UGXPObk0YhdfMMJ3ihOP0I=,EMFt9QLX8llqHZLfC6GkK4jT2+k=
4,14,nB9G2UGXPObk0YhdfMMJ3ihOP0I=,EMFt9QLX8llqHZLfC6GkK4jT2+k=
3,15,nB9G2UGXPObk0YhdfMMJ3ihOP0I=,EMFt9QLX8llqHZLfC6GkK4jT2+k=
3,14,nB9G2UGXPObk0YhdfMMJ3ihOP0I=,EMFt9QLX8llqHZLfC6GkK4jT2+k=
4,15,nB9G2UGXPObk0YhdfMMJ3ihOP0I=,EMFt9QLX8llqHZLfC6GkK4jT2+k=
0,13,nB9G2UGXPObk0YhdfMMJ3ihOP0I=,EMFt9QLX8llqHZLfC6GkK4jT2+k=
1,13,nB9G2UGXPObk0YhdfMMJ3ihOP0I=,EMFt9QLX8llqHZLfC6GkK4jT2+k=
2,13,nB9G2UGXPObk0YhdfMMJ3ihOP0I=,EMFt9QLX8llqHZLfC6GkK4jT2+k=
0,15,nB9G2UGXPObk0YhdfMMJ3ihOP0I=,EMFt9QLX8llqHZLfC6GkK4jT2+k=
0,14,nB9G2UGXPObk0YhdfMMJ3ihOP0I=,EMFt9QLX8llqHZLfC6GkK4jT2+k=
1,14,nB9G2UGXPObk0YhdfMMJ3ihOP0I=,EMFt9QLX8llqHZLfC6GkK4jT2+k=
2,15,nB9G2UGXPObk0YhdfMMJ3ihOP0I=,EMFt9QLX8llqHZLfC6GkK4jT2+k=
13,0,nB9G2UGXPObk0YhdfMMJ3ihOP0I=,nusoxN6ifK05sHP51xYNPoNvZJY=
2,14,nB9G2UGXPObk0YhdfMMJ3ihOP0I=,EMFt9QLX8llqHZLfC6GkK4jT2+k=
15,0,nB9G2UGXPObk0YhdfMMJ3ihOP0I=,nusoxN6ifK05sHP51xYNPoNvZJY=
15,2,nB9G2UGXPObk0YhdfMMJ3ihOP0I=,nusoxN6ifK05sHP51xYNPoNvZJY=
14,0,nB9G2UGXPObk0YhdfMMJ3ihOP0I=,nusoxN6ifK05sHP51xYNPoNvZJY=
1,15,nB9G2UGXPObk0YhdfMMJ3ihOP0I=,EMFt9QLX8llqHZLfC6GkK4jT2+k=
14,2,nB9G2UGXPObk0YhdfMMJ3ihOP0I=,nusoxN6ifK05sHP51xYNPoNvZJY=
13,1,nB9G2UGXPObk0YhdfMMJ3ihOP0I=,nusoxN6ifK05sHP51xYNPoNvZJY=
15,1,nB9G2UGXPObk0YhdfMMJ3ihOP0I=,nusoxN6ifK05sHP51xYNPoNvZJY=
13,2,nB9G2UGXPObk0YhdfMMJ3ihOP0I=,nusoxN6ifK05sHP51xYNPoNvZJY=
14,1,nB9G2UGXPObk0YhdfMMJ3ihOP0I=,nusoxN6ifK05sHP51xYNPoNvZJY=
6,15,nB9G2UGXPObk0YhdfMMJ3ihOP0I=,EMFt9QLX8llqHZLfC6GkK4jT2+k=
7,15,nB9G2UGXPObk0YhdfMMJ3ihOP0I=,EMFt9QLX8llqHZLfC6GkK4jT2+k=
6,13,nB9G2UGXPObk0YhdfMMJ3ihOP0I=,EMFt9QLX8llqHZLfC6GkK4jT2+k=
6,14,nB9G2UGXPObk0YhdfMMJ3ihOP0I=,EMFt9QLX8llqHZLfC6GkK4jT2+k=
5,15,nB9G2UGXPObk0YhdfMMJ3ihOP0I=,EMFt9QLX8llqHZLfC6GkK4jT2+k=
15,15,nB9G2UGXPObk0YhdfMMJ3ihOP0I=,FrFCYtaY5g8hWsrs5m026eUiV68=
7,13,nB9G2UGXPObk0YhdfMMJ3ihOP0I=,EMFt9QLX8llqHZLfC6GkK4jT2+k=
7,14,nB9G2UGXPObk0YhdfMMJ3ihOP0I=,EMFt9QLX8llqHZLfC6GkK4jT2+k=
9,15,nB9G2UGXPObk0YhdfMMJ3ihOP0I=,FrFCYtaY5g8hWsrs5m026eUiV68=
13,15,nB9G2UGXPObk0YhdfMMJ3ihOP0I=,FrFCYtaY5g8hWsrs5m026eUiV68=
5,13,nB9G2UGXPObk0YhdfMMJ3ihOP0I=,EMFt9QLX8llqHZLfC6GkK4jT2+k=
14,15,nB9G2UGXPObk0YhdfMMJ3ihOP0I=,FrFCYtaY5g8hWsrs5m026eUiV68=
8,13,nB9G2UGXPObk0YhdfMMJ3ihOP0I=,FrFCYtaY5g8hWsrs5m026eUiV68=
11,15,nB9G2UGXPObk0YhdfMMJ3ihOP0I=,FrFCYtaY5g8hWsrs5m026eUiV68=
8,15,nB9G2UGXPObk0YhdfMMJ3ihOP0I=,FrFCYtaY5g8hWsrs5m026eUiV68=
10,15,nB9G2UGXPObk0YhdfMMJ3ihOP0I=,FrFCYtaY5g8hWsrs5m026eUiV68=
12,15,nB9G2UGXPObk0YhdfMMJ3ihOP0I=,FrFCYtaY5g8hWsrs5m026eUiV68=
15,14,nB9G2UGXPObk0YhdfMMJ3ihOP0I=,FrFCYtaY5g8hWsrs5m026eUiV68=
9,13,nB9G2UGXPObk0YhdfMMJ3ihOP0I=,FrFCYtaY5g8hWsrs5m026eUiV68=
14,14,nB9G2UGXPObk0YhdfMMJ3ihOP0I=,FrFCYtaY5g8hWsrs5m026eUiV68=
13,14,nB9G2UGXPObk0YhdfMMJ3ihOP0I=,FrFCYtaY5g8hWsrs5m026eUiV68=
14,13,nB9G2UGXPObk0YhdfMMJ3ihOP0I=,FrFCYtaY5g8hWsrs5m026eUiV68=
8,14,nB9G2UGXPObk0YhdfMMJ3ihOP0I=,FrFCYtaY5g8hWsrs5m026eUiV68=
12,14,nB9G2UGXPObk0YhdfMMJ3ihOP0I=,FrFCYtaY5g8hWsrs5m026eUiV68=
13,13,nB9G2UGXPObk0YhdfMMJ3ihOP0I=,FrFCYtaY5g8hWsrs5m026eUiV68=
9,14,nB9G2UGXPObk0YhdfMMJ3ihOP0I=,FrFCYtaY5g8hWsrs5m026eUiV68=
10,14,nB9G2UGXPObk0YhdfMMJ3ihOP0I=,FrFCYtaY5g8hWsrs5m026eUiV68=
15,13,nB9G2UGXPObk0YhdfMMJ3ihOP0I=,FrFCYtaY5g8hWsrs5m026eUiV68=
11,14,nB9G2UGXPObk0YhdfMMJ3ihOP0I=,FrFCYtaY5g8hWsrs5m026eUiV68=
12,13,nB9G2UGXPObk0YhdfMMJ3ihOP0I=,FrFCYtaY5g8hWsrs5m026eUiV68=
10,13,nB9G2UGXPObk0YhdfMMJ3ihOP0I=,FrFCYtaY5g8hWsrs5m026eUiV68=
11,13,nB9G2UGXPObk0YhdfMMJ3ihOP0I=,FrFCYtaY5g8hWsrs5m026eUiV68=
5,14,nB9G2UGXPObk0YhdfMMJ3ihOP0I=,EMFt9QLX8llqHZLfC6GkK4jT2+k=
11,20,CCX60FpGqUiGZ2fU/3bXD+MoAQU=,kEeRYUBPEd/SqbTY0R1eCTZ87ao=
12,20,CCX60FpGqUiGZ2fU/3bXD+MoAQU=,kEeRYUBPEd/SqbTY0R1eCTZ87ao=
11,19,CCX60FpGqUiGZ2fU/3bXD+MoAQU=,kEeRYUBPEd/SqbTY0R1eCTZ87ao=
12,19,CCX60FpGqUiGZ2fU/3bXD+MoAQU=,kEeRYUBPEd/SqbTY0R1eCTZ87ao=
3,19,CCX60FpGqUiGZ2fU/3bXD+MoAQU=,dEkrqJLAUP6BaZp0YzBpmVMXAX4=
4,19,CCX60FpGqUiGZ2fU/3bXD+MoAQU=,dEkrqJLAUP6BaZp0YzBpmVMXAX4=
5,19,CCX60FpGqUiGZ2fU/3bXD+MoAQU=,dEkrqJLAUP6BaZp0YzBpmVMXAX4=
6,19,CCX60FpGqUiGZ2fU/3bXD+MoAQU=,dEkrqJLAUP6BaZp0YzBpmVMXAX4=
7,19,CCX60FpGqUiGZ2fU/3bXD+MoAQU=,dEkrqJLAUP6BaZp0YzBpmVMXAX4=
3,20,CCX60FpGqUiGZ2fU/3bXD+MoAQU=,dEkrqJLAUP6BaZp0YzBpmVMXAX4=
4,20,CCX60FpGqUiGZ2fU/3bXD+MoAQU=,dEkrqJLAUP6BaZp0YzBpmVMXAX4=
5,20,CCX60FpGqUiGZ2fU/3bXD+MoAQU=,dEkrqJLAUP6BaZp0YzBpmVMXAX4=
6,20,CCX60FpGqUiGZ2fU/3bXD+MoAQU=,dEkrqJLAUP6BaZp0YzBpmVMXAX4=
7,20,CCX60FpGqUiGZ2fU/3bXD+MoAQU=,dEkrqJLAUP6BaZp0YzBpmVMXAX4=
8,20,CCX60FpGqUiGZ2fU/3bXD+MoAQU=,kEeRYUBPEd/SqbTY0R1eCTZ87ao=
9,20,CCX60FpGqUiGZ2fU/3bXD+MoAQU=,kEeRYUBPEd/SqbTY0R1eCTZ87ao=
3,22,CCX60FpGqUiGZ2fU/3bXD+MoAQU=,dEkrqJLAUP6BaZp0YzBpmVMXAX4=
10,20,CCX60FpGqUiGZ2fU/3bXD+MoAQU=,kEeRYUBPEd/SqbTY0R1eCTZ87ao=
4,22,CCX60FpGqUiGZ2fU/3bXD+MoAQU=,dEkrqJLAUP6BaZp0YzBpmVMXAX4=
3,21,CCX60FpGqUiGZ2fU/3bXD+MoAQU=,dEkrqJLAUP6BaZp0YzBpmVMXAX4=
4,21,CCX60FpGqUiGZ2fU/3bXD+MoAQU=,dEkrqJLAUP6BaZp0YzBpmVMXAX4=
10,19,CCX60FpGqUiGZ2fU/3bXD+MoAQU=,kEeRYUBPEd/SqbTY0R1eCTZ87ao=
3,23,CCX60FpGqUiGZ2fU/3bXD+MoAQU=,dEkrqJLAUP6BaZp0YzBpmVMXAX4=
4,23,CCX60FpGqUiGZ2fU/3bXD+MoAQU=,dEkrqJLAUP6BaZp0YzBpmVMXAX4=
8,19,CCX60FpGqUiGZ2fU/3bXD+MoAQU=,kEeRYUBPEd/SqbTY0R1eCTZ87ao=
9,19,CCX60FpGqUiGZ2fU/3bXD+MoAQU=,kEeRYUBPEd/SqbTY0R1eCTZ87ao=
8,23,CCX60FpGqUiGZ2fU/3bXD+MoAQU=,kEeRYUBPEd/SqbTY0R1eCTZ87ao=
0,20,CCX60FpGqUiGZ2fU/3bXD+MoAQU=,dEkrqJLAUP6BaZp0YzBpmVMXAX4=
1,20,CCX60FpGqUiGZ2fU/3bXD+MoAQU=,dEkrqJLAUP6BaZp0YzBpmVMXAX4=
2,20,CCX60FpGqUiGZ2fU/3bXD+MoAQU=,dEkrqJLAUP6BaZp0YzBpmVMXAX4=
0,19,CCX60FpGqUiGZ2fU/3bXD+MoAQU=,dEkrqJLAUP6BaZp0YzBpmVMXAX4=
1,19,CCX60FpGqUiGZ2fU/3bXD+MoAQU=,dEkrqJLAUP6BaZp0YzBpmVMXAX4=
2,19,CCX60FpGqUiGZ2fU/3bXD+MoAQU=,dEkrqJLAUP6BaZp0YzBpmVMXAX4=
7,23,CCX60FpGqUiGZ2fU/3bXD+MoAQU=,dEkrqJLAUP6BaZp0YzBpmVMXAX4=
12,22,CCX60FpGqUiGZ2fU/3bXD+MoAQU=,kEeRYUBPEd/SqbTY0R1eCTZ87ao=
11,22,CCX60FpGqUiGZ2fU/3bXD+MoAQU=,kEeRYUBPEd/SqbTY0R1eCTZ87ao=
10,22,CCX60FpGqUiGZ2fU/3bXD+MoAQU=,kEeRYUBPEd/SqbTY0R1eCTZ87ao=
9,22,CCX60FpGqUiGZ2fU/3bXD+MoAQU=,kEeRYUBPEd/SqbTY0R1eCTZ87ao=
8,22,CCX60FpGqUiGZ2fU/3bXD+MoAQU=,kEeRYUBPEd/SqbTY0R1eCTZ87ao=
12,21,CCX60FpGqUiGZ2fU/3bXD+MoAQU=,kEeRYUBPEd/SqbTY0R1eCTZ87ao=
6,23,CCX60FpGqUiGZ2fU/3bXD+MoAQU=,dEkrqJLAUP6BaZp0YzBpmVMXAX4=
5,23,CCX60FpGqUiGZ2fU/3bXD+MoAQU=,dEkrqJLAUP6BaZp0YzBpmVMXAX4=
12,23,CCX60FpGqUiGZ2fU/3bXD+MoAQU=,kEeRYUBPEd/SqbTY0R1eCTZ87ao=
11,21,CCX60FpGqUiGZ2fU/3bXD+MoAQU=,kEeRYUBPEd/SqbTY0R1eCTZ87ao=
10,21,CCX60FpGqUiGZ2fU/3bXD+MoAQU=,kEeRYUBPEd/SqbTY0R1eCTZ87ao=
9,21,CCX60FpGqUiGZ2fU/3bXD+MoAQU=,kEeRYUBPEd/SqbTY0R1eCTZ87ao=
8,21,CCX60FpGqUiGZ2fU/3bXD+MoAQU=,kEeRYUBPEd/SqbTY0R1eCTZ87ao=
7,22,CCX60FpGqUiGZ2fU/3bXD+MoAQU=,dEkrqJLAUP6BaZp0YzBpmVMXAX4=
11,23,CCX60FpGqUiGZ2fU/3bXD+MoAQU=,kEeRYUBPEd/SqbTY0R1eCTZ87ao=
10,23,CCX60FpGqUiGZ2fU/3bXD+MoAQU=,kEeRYUBPEd/SqbTY0R1eCTZ87ao=
9,23,CCX60FpGqUiGZ2fU/3bXD+MoAQU=,kEeRYUBPEd/SqbTY0R1eCTZ87ao=
7,21,CCX60FpGqUiGZ2fU/3bXD+MoAQU=,dEkrqJLAUP6BaZp0YzBpmVMXAX4=
6,21,CCX60FpGqUiGZ2fU/3bXD+MoAQU=,dEkrqJLAUP6BaZp0YzBpmVMXAX4=
5,21,CCX60FpGqUiGZ2fU/3bXD+MoAQU=,dEkrqJLAUP6BaZp0YzBpmVMXAX4=
6,22,CCX60FpGqUiGZ2fU/3bXD+MoAQU=,dEkrqJLAUP6BaZp0YzBpmVMXAX4=
5,22,CCX60FpGqUiGZ2fU/3bXD+MoAQU=,dEkrqJLAUP6BaZp0YzBpmVMXAX4=
11,16,CCX60FpGqUiGZ2fU/3bXD+MoAQU=,kEeRYUBPEd/SqbTY0R1eCTZ87ao=
12,16,CCX60FpGqUiGZ2fU/3bXD+MoAQU=,kEeRYUBPEd/SqbTY0R1eCTZ87ao=
12,18,CCX60FpGqUiGZ2fU/3bXD+MoAQU=,kEeRYUBPEd/SqbTY0R1eCTZ87ao=
11,17,CCX60FpGqUiGZ2fU/3bXD+MoAQU=,kEeRYUBPEd/SqbTY0R1eCTZ87ao=
11,18,CCX60FpGqUiGZ2fU/3bXD+MoAQU=,kEeRYUBPEd/SqbTY0R1eCTZ87ao=
12,17,CCX60FpGqUiGZ2fU/3bXD+MoAQU=,kEeRYUBPEd/SqbTY0R1eCTZ87ao=
14,23,CCX60FpGqUiGZ2fU/3bXD+MoAQU=,kEeRYUBPEd/SqbTY0R1eCTZ87ao=
15,19,CCX60FpGqUiGZ2fU/3bXD+MoAQU=,kEeRYUBPEd/SqbTY0R1eCTZ87ao=
14,22,CCX60FpGqUiGZ2fU/3bXD+MoAQU=,kEeRYUBPEd/SqbTY0R1eCTZ87ao=
15,22,CCX60FpGqUiGZ2fU/3bXD+MoAQU=,kEeRYUBPEd/SqbTY0R1eCTZ87ao=
13,19,3eZHFisAqgJAnRLfEdU5AGb/zoY=,kEeRYUBPEd/SqbTY0R1eCTZ87ao=
13,22,3eZHFisAqgJAnRLfEdU5AGb/zoY=,kEeRYUBPEd/SqbTY0R1eCTZ87ao=
14,21,3eZHFisAqgJAnRLfEdU5AGb/zoY=,kEeRYUBPEd/SqbTY0R1eCTZ87ao=
14,19,3eZHFisAqgJAnRLfEdU5AGb/zoY=,kEeRYUBPEd/SqbTY0R1eCTZ87ao=
15,21,3eZHFisAqgJAnRLfEdU5AGb/zoY=,kEeRYUBPEd/SqbTY0R1eCTZ87ao=
13,21,3eZHFisAqgJAnRLfEdU5AGb/zoY=,kEeRYUBPEd/SqbTY0R1eCTZ87ao=
13,23,3eZHFisAqgJAnRLfEdU5AGb/zoY=,kEeRYUBPEd/SqbTY0R1eCTZ87ao=
15,20,3eZHFisAqgJAnRLfEdU5AGb/zoY=,kEeRYUBPEd/SqbTY0R1eCTZ87ao=
14,20,3eZHFisAqgJAnRLfEdU5AGb/zoY=,kEeRYUBPEd/SqbTY0R1eCTZ87ao=
13,20,3eZHFisAqgJAnRLfEdU5AGb/zoY=,kEeRYUBPEd/SqbTY0R1eCTZ87ao=
15,23,3eZHFisAqgJAnRLfEdU5AGb/zoY=,kEeRYUBPEd/SqbTY0R1eCTZ87ao=
13,16,3eZHFisAqgJAnRLfEdU5AGb/zoY=,kEeRYUBPEd/SqbTY0R1eCTZ87ao=
15,18,3eZHFisAqgJAnRLfEdU5AGb/zoY=,kEeRYUBPEd/SqbTY0R1eCTZ87ao=
14,16,3eZHFisAqgJAnRLfEdU5AGb/zoY=,kEeRYUBPEd/SqbTY0R1eCTZ87ao=
14,18,3eZHFisAqgJAnRLfEdU5AGb/zoY=,kEeRYUBPEd/SqbTY0R1eCTZ87ao=
13,18,3eZHFisAqgJAnRLfEdU5AGb/zoY=,kEeRYUBPEd/SqbTY0R1eCTZ87ao=
15,17,3eZHFisAqgJAnRLfEdU5AGb/zoY=,kEeRYUBPEd/SqbTY0R1eCTZ87ao=
14,17,3eZHFisAqgJAnRLfEdU5AGb/zoY=,kEeRYUBPEd/SqbTY0R1eCTZ87ao=
13,17,3eZHFisAqgJAnRLfEdU5AGb/zoY=,kEeRYUBPEd/SqbTY0R1eCTZ87ao=
3,17,3eZHFisAqgJAnRLfEdU5AGb/zoY=,dEkrqJLAUP6BaZp0YzBpmVMXAX4=
15,16,3eZHFisAqgJAnRLfEdU5AGb/zoY=,kEeRYUBPEd/SqbTY0R1eCTZ87ao=
10,16,3eZHFisAqgJAnRLfEdU5AGb/zoY=,kEeRYUBPEd/SqbTY0R1eCTZ87ao=
4,17,3eZHFisAqgJAnRLfEdU5AGb/zoY=,dEkrqJLAUP6BaZp0YzBpmVMXAX4=
6,17,3eZHFisAqgJAnRLfEdU5AGb/zoY=,dEkrqJLAUP6BaZp0YzBpmVMXAX4=
8,17,3eZHFisAqgJAnRLfEdU5AGb/zoY=,kEeRYUBPEd/SqbTY0R1eCTZ87ao=
5,17,3eZHFisAqgJAnRLfEdU5AGb/zoY=,dEkrqJLAUP6BaZp0YzBpmVMXAX4=
4,18,3eZHFisAqgJAnRLfEdU5AGb/zoY=,dEkrqJLAUP6BaZp0YzBpmVMXAX4=
3,18,3eZHFisAqgJAnRLfEdU5AGb/zoY=,dEkrqJLAUP6BaZp0YzBpmVMXAX4=
7,17,3eZHFisAqgJAnRLfEdU5AGb/zoY=,dEkrqJLAUP6BaZp0YzBpmVMXAX4=
10,17,3eZHFisAqgJAnRLfEdU5AGb/zoY=,kEeRYUBPEd/SqbTY0R1eCTZ87ao=
9,17,3eZHFisAqgJAnRLfEdU5AGb/zoY=,kEeRYUBPEd/SqbTY0R1eCTZ87ao=
5,18,3eZHFisAqgJAnRLfEdU5AGb/zoY=,dEkrqJLAUP6BaZp0YzBpmVMXAX4=
6,18,3eZHFisAqgJAnRLfEdU5AGb/zoY=,dEkrqJLAUP6BaZp0YzBpmVMXAX4=
7,18,3eZHFisAqgJAnRLfEdU5AGb/zoY=,dEkrqJLAUP6BaZp0YzBpmVMXAX4=
8,18,3eZHFisAqgJAnRLfEdU5AGb/zoY=,kEeRYUBPEd/SqbTY0R1eCTZ87ao=
3,16,3eZHFisAqgJAnRLfEdU5AGb/zoY=,dEkrqJLAUP6BaZp0YzBpmVMXAX4=
9,16,3eZHFisAqgJAnRLfEdU5AGb/zoY=,kEeRYUBPEd/SqbTY0R1eCTZ87ao=
4,16,3eZHFisAqgJAnRLfEdU5AGb/zoY=,dEkrqJLAUP6BaZp0YzBpmVMXAX4=
5,16,3eZHFisAqgJAnRLfEdU5AGb/zoY=,dEkrqJLAUP6BaZp0YzBpmVMXAX4=
8,16,3eZHFisAqgJAnRLfEdU5AGb/zoY=,kEeRYUBPEd/SqbTY0R1eCTZ87ao=
6,16,3eZHFisAqgJAnRLfEdU5AGb/zoY=,dEkrqJLAUP6BaZp0YzBpmVMXAX4=
7,16,3eZHFisAqgJAnRLfEdU5AGb/zoY=,dEkrqJLAUP6BaZp0YzBpmVMXAX4=
10,18,3eZHFisAqgJAnRLfEdU5AGb/zoY=,kEeRYUBPEd/SqbTY0R1eCTZ87ao=
9,18,3eZHFisAqgJAnRLfEdU5AGb/zoY=,kEeRYUBPEd/SqbTY0R1eCTZ87ao=
1,17,3eZHFisAqgJAnRLfEdU5AGb/zoY=,dEkrqJLAUP6BaZp0YzBpmVMXAX4=
1,18,3eZHFisAqgJAnRLfEdU5AGb/zoY=,dEkrqJLAUP6BaZp0YzBpmVMXAX4=
2,17,3eZHFisAqgJAnRLfEdU5AGb/zoY=,dEkrqJLAUP6BaZp0YzBpmVMXAX4=
0,17,3eZHFisAqgJAnRLfEdU5AGb/zoY=,dEkrqJLAUP6BaZp0YzBpmVMXAX4=
0,18,3eZHFisAqgJAnRLfEdU5AGb/zoY=,dEkrqJLAUP6BaZp0YzBpmVMXAX4=
2,16,3eZHFisAqgJAnRLfEdU5AGb/zoY=,dEkrqJLAUP6BaZp0YzBpmVMXAX4=
2,18,3eZHFisAqgJAnRLfEdU5AGb/zoY=,dEkrqJLAUP6BaZp0YzBpmVMXAX4=
1,16,3eZHFisAqgJAnRLfEdU5AGb/zoY=,dEkrqJLAUP6BaZp0YzBpmVMXAX4=
0,16,3eZHFisAqgJAnRLfEdU5AGb/zoY=,dEkrqJLAUP6BaZp0YzBpmVMXAX4=
0,23,3eZHFisAqgJAnRLfEdU5AGb/zoY=,dEkrqJLAUP6BaZp0YzBpmVMXAX4=
1,22,3eZHFisAqgJAnRLfEdU5AGb/zoY=,dEkrqJLAUP6BaZp0YzBpmVMXAX4=
0,21,3eZHFisAqgJAnRLfEdU5AGb/zoY=,dEkrqJLAUP6BaZp0YzBpmVMXAX4=
2,21,3eZHFisAqgJAnRLfEdU5AGb/zoY=,dEkrqJLAUP6BaZp0YzBpmVMXAX4=
0,22,3eZHFisAqgJAnRLfEdU5AGb/zoY=,dEkrqJLAUP6BaZp0YzBpmVMXAX4=
1,21,3eZHFisAqgJAnRLfEdU5AGb/zoY=,dEkrqJLAUP6BaZp0YzBpmVMXAX4=
2,23,3eZHFisAqgJAnRLfEdU5AGb/zoY=,dEkrqJLAUP6BaZp0YzBpmVMXAX4=
2,22,3eZHFisAqgJAnRLfEdU5AGb/zoY=,dEkrqJLAUP6BaZp0YzBpmVMXAX4=
1,23,3eZHFisAqgJAnRLfEdU5AGb/zoY=,dEkrqJLAUP6BaZp0YzBpmVMXAX4=
19,21,DBnHAO6WnllPv6xXZPdC7oW+gQo=,2g7iW17hzk1IM87qtH5qffncOGk=
20,21,DBnHAO6WnllPv6xXZPdC7oW+gQo=,2g7iW17hzk1IM87qtH5qffncOGk=
20,20,DBnHAO6WnllPv6xXZPdC7oW+gQo=,2g7iW17hzk1IM87qtH5qffncOGk=
21,20,DBnHAO6WnllPv6xXZPdC7oW+gQo=,2g7iW17hzk1IM87qtH5qffncOGk=
16,19,DBnHAO6WnllPv6xXZPdC7oW+gQo=,2g7iW17hzk1IM87qtH5qffncOGk=
17,19,DBnHAO6WnllPv6xXZPdC7oW+gQo=,2g7iW17hzk1IM87qtH5qffncOGk=
18,19,DBnHAO6WnllPv6xXZPdC7oW+gQo=,2g7iW17hzk1IM87qtH5qffncOGk=
16,20,DBnHAO6WnllPv6xXZPdC7oW+gQo=,2g7iW17hzk1IM87qtH5qffncOGk=
17,20,DBnHAO6WnllPv6xXZPdC7oW+gQo=,2g7iW17hzk1IM87qtH5qffncOGk=
18,20,DBnHAO6WnllPv6xXZPdC7oW+gQo=,2g7iW17hzk1IM87qtH5qffncOGk=
19,20,DBnHAO6WnllPv6xXZPdC7oW+gQo=,2g7iW17hzk1IM87qtH5qffncOGk=
23,19,DBnHAO6WnllPv6xXZPdC7oW+gQo=,2g7iW17hzk1IM87qtH5qffncOGk=
19,22,DBnHAO6WnllPv6xXZPdC7oW+gQo=,2g7iW17hzk1IM87qtH5qffncOGk=
20,22,DBnHAO6WnllPv6xXZPdC7oW+gQo=,2g7iW17hzk1IM87qtH5qffncOGk=
20,23,DBnHAO6WnllPv6xXZPdC7oW+gQo=,2g7iW17hzk1IM87qtH5qffncOGk=
19,23,DBnHAO6WnllPv6xXZPdC7oW+gQo=,2g7iW17hzk1IM87qtH5qffncOGk=
22,19,DBnHAO6WnllPv6xXZPdC7oW+gQo=,2g7iW17hzk1IM87qtH5qffncOGk=
21,19,DBnHAO6WnllPv6xXZPdC7oW+gQo=,2g7iW17hzk1IM87qtH5qffncOGk=
23,20,DBnHAO6WnllPv6xXZPdC7oW+gQo=,2g7iW17hzk1IM87qtH5qffncOGk=
20,19,DBnHAO6WnllPv6xXZPdC7oW+gQo=,2g7iW17hzk1IM87qtH5qffncOGk=
19,19,DBnHAO6WnllPv6xXZPdC7oW+gQo=,2g7iW17hzk1IM87qtH5qffncOGk=
19,16,DBnHAO6WnllPv6xXZPdC7oW+gQo=,2g7iW17hzk1IM87qtH5qffncOGk=
19,18,DBnHAO6WnllPv6xXZPdC7oW+gQo=,2g7iW17hzk1IM87qtH5qffncOGk=
20,18,DBnHAO6WnllPv6xXZPdC7oW+gQo=,2g7iW17hzk1IM87qtH5qffncOGk=
19,17,DBnHAO6WnllPv6xXZPdC7oW+gQo=,2g7iW17hzk1IM87qtH5qffncOGk=
20,16,DBnHAO6WnllPv6xXZPdC7oW+gQo=,2g7iW17hzk1IM87qtH5qffncOGk=
20,17,DBnHAO6WnllPv6xXZPdC7oW+gQo=,2g7iW17hzk1IM87qtH5qffncOGk=
22,20,DBnHAO6WnllPv6xXZPdC7oW+gQo=,2g7iW17hzk1IM87qtH5qffncOGk=
16,17,DBnHAO6WnllPv6xXZPdC7oW+gQo=,2g7iW17hzk1IM87qtH5qffncOGk=
17,18,DBnHAO6WnllPv6xXZPdC7oW+gQo=,2g7iW17hzk1IM87qtH5qffncOGk=
18,17,DBnHAO6WnllPv6xXZPdC7oW+gQo=,2g7iW17hzk1IM87qtH5qffncOGk=
16,18,DBnHAO6WnllPv6xXZPdC7oW+gQo=,2g7iW17hzk1IM87qtH5qffncOGk=
18,16,DBnHAO6WnllPv6xXZPdC7oW+gQo=,2g7iW17hzk1IM87qtH5qffncOGk=
17,16,DBnHAO6WnllPv6xXZPdC7oW+gQo=,2g7iW17hzk1IM87qtH5qffncOGk=
18,18,DBnHAO6WnllPv6xXZPdC7oW+gQo=,2g7iW17hzk1IM87qtH5qffncOGk=
17,17,DBnHAO6WnllPv6xXZPdC7oW+gQo=,2g7iW17hzk1IM87qtH5qffncOGk=
16,16,DBnHAO6WnllPv6xXZPdC7oW+gQo=,2g7iW17hzk1IM87qtH5qffncOGk=
21,23,DBnHAO6WnllPv6xXZPdC7oW+gQo=,2g7iW17hzk1IM87qtH5qffncOGk=
23,23,DBnHAO6WnllPv6xXZPdC7oW+gQo=,2g7iW17hzk1IM87qtH5qffncOGk=
23,22,DBnHAO6WnllPv6xXZPdC7oW+gQo=,2g7iW17hzk1IM87qtH5qffncOGk=
21,22,DBnHAO6WnllPv6xXZPdC7oW+gQo=,2g7iW17hzk1IM87qtH5qffncOGk=
22,22,DBnHAO6WnllPv6xXZPdC7oW+gQo=,2g7iW17hzk1IM87qtH5qffncOGk=
22,21,DBnHAO6WnllPv6xXZPdC7oW+gQo=,2g7iW17hzk1IM87qtH5qffncOGk=
21,21,DBnHAO6WnllPv6xXZPdC7oW+gQo=,2g7iW17hzk1IM87qtH5qffncOGk=
22,23,DBnHAO6WnllPv6xXZPdC7oW+gQo=,2g7iW17hzk1IM87qtH5qffncOGk=
23,21,DBnHAO6WnllPv6xXZPdC7oW+gQo=,2g7iW17hzk1IM87qtH5qffncOGk=
18,23,DBnHAO6WnllPv6xXZPdC7oW+gQo=,2g7iW17hzk1IM87qtH5qffncOGk=
18,21,DBnHAO6WnllPv6xXZPdC7oW+gQo=,2g7iW17hzk1IM87qtH5qffncOGk=
21,18,DBnHAO6WnllPv6xXZPdC7oW+gQo=,2g7iW17hzk1IM87qtH5qffncOGk=
17,23,DBnHAO6WnllPv6xXZPdC7oW+gQo=,2g7iW17hzk1IM87qtH5qffncOGk=
16,22,DBnHAO6WnllPv6xXZPdC7oW+gQo=,2g7iW17hzk1IM87qtH5qffncOGk=
18,22,DBnHAO6WnllPv6xXZPdC7oW+gQo=,2g7iW17hzk1IM87qtH5qffncOGk=
22,18,DBnHAO6WnllPv6xXZPdC7oW+gQo=,2g7iW17hzk1IM87qtH5qffncOGk=
16,23,DBnHAO6WnllPv6xXZPdC7oW+gQo=,2g7iW17hzk1IM87qtH5qffncOGk=
17,22,DBnHAO6WnllPv6xXZPdC7oW+gQo=,2g7iW17hzk1IM87qtH5qffncOGk=
16,21,DBnHAO6WnllPv6xXZPdC7oW+gQo=,2g7iW17hzk1IM87qtH5qffncOGk=
17,21,DBnHAO6WnllPv6xXZPdC7oW+gQo=,2g7iW17hzk1IM87qtH5qffncOGk=
23,18,DBnHAO6WnllPv6xXZPdC7oW+gQo=,2g7iW17hzk1IM87qtH5qffncOGk=
23,17,DBnHAO6WnllPv6xXZPdC7oW+gQo=,2g7iW17hzk1IM87qtH5qffncOGk=
21,17,DBnHAO6WnllPv6xXZPdC7oW+gQo=,2g7iW17hzk1IM87qtH5qffncOGk=
22,17,DBnHAO6WnllPv6xXZPdC7oW+gQo=,2g7iW17hzk1IM87qtH5qffncOGk=
23,16,DBnHAO6WnllPv6xXZPdC7oW+gQo=,2g7iW17hzk1IM87qtH5qffncOGk=
21,16,DBnHAO6WnllPv6xXZPdC7oW+gQo=,2g7iW17hzk1IM87qtH5qffncOGk=
22,16,DBnHAO6WnllPv6xXZPdC7oW+gQo=,2g7iW17hzk1IM87qtH5qffncOGk=
19,3,9zthtN3XNiay+qj8UTYwkyPNY2U=,qLerHF6fAfjhsdFuRlJ5Y8ZShJ0=
20,4,9zthtN3XNiay+qj8UTYwkyPNY2U=,qLerHF6fAfjhsdFuRlJ5Y8ZShJ0=
21,4,9zthtN3XNiay+qj8UTYwkyPNY2U=,qLerHF6fAfjhsdFuRlJ5Y8ZShJ0=
20,3,9zthtN3XNiay+qj8UTYwkyPNY2U=,qLerHF6fAfjhsdFuRlJ5Y8ZShJ0=
21,3,9zthtN3XNiay+qj8UTYwkyPNY2U=,qLerHF6fAfjhsdFuRlJ5Y8ZShJ0=
22,3,9zthtN3XNiay+qj8UTYwkyPNY2U=,qLerHF6fAfjhsdFuRlJ5Y8ZShJ0=
23,3,9zthtN3XNiay+qj8UTYwkyPNY2U=,qLerHF6fAfjhsdFuRlJ5Y8ZShJ0=
22,4,9zthtN3XNiay+qj8UTYwkyPNY2U=,qLerHF6fAfjhsdFuRlJ5Y8ZShJ0=
23,4,9zthtN3XNiay+qj8UTYwkyPNY2U=,qLerHF6fAfjhsdFuRlJ5Y8ZShJ0=
19,4,9zthtN3XNiay+qj8UTYwkyPNY2U=,qLerHF6fAfjhsdFuRlJ5Y8ZShJ0=
19,9,9zthtN3XNiay+qj8UTYwkyPNY2U=,4ZOnUi4u40bG/irOwNrwW7eBLiM=
20,9,9zthtN3XNiay+qj8UTYwkyPNY2U=,4ZOnUi4u40bG/irOwNrwW7eBLiM=
21,9,9zthtN3XNiay+qj8UTYwkyPNY2U=,4ZOnUi4u40bG/irOwNrwW7eBLiM=
22,9,9zthtN3XNiay+qj8UTYwkyPNY2U=,4ZOnUi4u40bG/irOwNrwW7eBLiM=
23,9,9zthtN3XNiay+qj8UTYwkyPNY2U=,4ZOnUi4u40bG/irOwNrwW7eBLiM=
22,12,9zthtN3XNiay+qj8UTYwkyPNY2U=,4ZOnUi4u40bG/irOwNrwW7eBLiM=
20,7,9zthtN3XNiay+qj8UTYwkyPNY2U=,qLerHF6fAfjhsdFuRlJ5Y8ZShJ0=
19,10,9zthtN3XNiay+qj8UTYwkyPNY2U=,4ZOnUi4u40bG/irOwNrwW7eBLiM=
19,5,9zthtN3XNiay+qj8UTYwkyPNY2U=,qLerHF6fAfjhsdFuRlJ5Y8ZShJ0=
23,12,9zthtN3XNiay+qj8UTYwkyPNY2U=,4ZOnUi4u40bG/irOwNrwW7eBLiM=
20,10,9zthtN3XNiay+qj8UTYwkyPNY2U=,4ZOnUi4u40bG/irOwNrwW7eBLiM=
21,10,9zthtN3XNiay+qj8UTYwkyPNY2U=,4ZOnUi4u40bG/irOwNrwW7eBLiM=
22,6,9zthtN3XNiay+qj8UTYwkyPNY2U=,qLerHF6fAfjhsdFuRlJ5Y8ZShJ0=
21,7,9zthtN3XNiay+qj8UTYwkyPNY2U=,qLerHF6fAfjhsdFuRlJ5Y8ZShJ0=
23,6,9zthtN3XNiay+qj8UTYwkyPNY2U=,qLerHF6fAfjhsdFuRlJ5Y8ZShJ0=
22,7,9zthtN3XNiay+qj8UTYwkyPNY2U=,qLerHF6fAfjhsdFuRlJ5Y8ZShJ0=
20,5,9zthtN3XNiay+qj8UTYwkyPNY2U=,qLerHF6fAfjhsdFuRlJ5Y8ZShJ0=
19,12,9zthtN3XNiay+qj8UTYwkyPNY2U=,4ZOnUi4u40bG/irOwNrwW7eBLiM=
22,10,9zthtN3XNiay+qj8UTYwkyPNY2U=,4ZOnUi4u40bG/irOwNrwW7eBLiM=
23,10,9zthtN3XNiay+qj8UTYwkyPNY2U=,4ZOnUi4u40bG/irOwNrwW7eBLiM=
21,5,9zthtN3XNiay+qj8UTYwkyPNY2U=,qLerHF6fAfjhsdFuRlJ5Y8ZShJ0=
22,5,9zthtN3XNiay+qj8UTYwkyPNY2U=,qLerHF6fAfjhsdFuRlJ5Y8ZShJ0=
19,7,9zthtN3XNiay+qj8UTYwkyPNY2U=,qLerHF6fAfjhsdFuRlJ5Y8ZShJ0=
19,8,9zthtN3XNiay+qj8UTYwkyPNY2U=,4ZOnUi4u40bG/irOwNrwW7eBLiM=
20,12,9zthtN3XNiay+qj8UTYwkyPNY2U=,4ZOnUi4u40bG/irOwNrwW7eBLiM=
21,12,9zthtN3XNiay+qj8UTYwkyPNY2U=,4ZOnUi4u40bG/irOwNrwW7eBLiM=
20,8,9zthtN3XNiay+qj8UTYwkyPNY2U=,4ZOnUi4u40bG/irOwNrwW7eBLiM=
21,8,9zthtN3XNiay+qj8UTYwkyPNY2U=,4ZOnUi4u40bG/irOwNrwW7eBLiM=
19,11,9zthtN3XNiay+qj8UTYwkyPNY2U=,4ZOnUi4u40bG/irOwNrwW7eBLiM=
23,11,9zthtN3XNiay+qj8UTYwkyPNY2U=,4ZOnUi4u40bG/irOwNrwW7eBLiM=
22,11,9zthtN3XNiay+qj8UTYwkyPNY2U=,4ZOnUi4u40bG/irOwNrwW7eBLiM=
23,7,9zthtN3XNiay+qj8UTYwkyPNY2U=,qLerHF6fAfjhsdFuRlJ5Y8ZShJ0=
21,11,9zthtN3XNiay+qj8UTYwkyPNY2U=,4ZOnUi4u40bG/irOwNrwW7eBLiM=
23,8,9zthtN3XNiay+qj8UTYwkyPNY2U=,4ZOnUi4u40bG/irOwNrwW7eBLiM=
21,6,9zthtN3XNiay+qj8UTYwkyPNY2U=,qLerHF6fAfjhsdFuRlJ5Y8ZShJ0=
22,8,9zthtN3XNiay+qj8UTYwkyPNY2U=,4ZOnUi4u40bG/irOwNrwW7eBLiM=
20,6,9zthtN3XNiay+qj8UTYwkyPNY2U=,qLerHF6fAfjhsdFuRlJ5Y8ZShJ0=
19,6,9zthtN3XNiay+qj8UTYwkyPNY2U=,qLerHF6fAfjhsdFuRlJ5Y8ZShJ0=
20,11,9zthtN3XNiay+qj8UTYwkyPNY2U=,4ZOnUi4u40bG/irOwNrwW7eBLiM=
23,5,9zthtN3XNiay+qj8UTYwkyPNY2U=,qLerHF6fAfjhsdFuRlJ5Y8ZShJ0=
19,15,9zthtN3XNiay+qj8UTYwkyPNY2U=,4ZOnUi4u40bG/irOwNrwW7eBLiM=
20,15,9zthtN3XNiay+qj8UTYwkyPNY2U=,4ZOnUi4u40bG/irOwNrwW7eBLiM=
19,13,9zthtN3XNiay+qj8UTYwkyPNY2U=,4ZOnUi4u40bG/irOwNrwW7eBLiM=
20,13,9zthtN3XNiay+qj8UTYwkyPNY2U=,4ZOnUi4u40bG/irOwNrwW7eBLiM=
19,14,9zthtN3XNiay+qj8UTYwkyPNY2U=,4ZOnUi4u40bG/irOwNrwW7eBLiM=
20,14,9zthtN3XNiay+qj8UTYwkyPNY2U=,4ZOnUi4u40bG/irOwNrwW7eBLiM=
22,14,9zthtN3XNiay+qj8UTYwkyPNY2U=,4ZOnUi4u40bG/irOwNrwW7eBLiM=
23,14,9zthtN3XNiay+qj8UTYwkyPNY2U=,4ZOnUi4u40bG/irOwNrwW7eBLiM=
21,15,9zthtN3XNiay+qj8UTYwkyPNY2U=,4ZOnUi4u40bG/irOwNrwW7eBLiM=
21,13,9zthtN3XNiay+qj8UTYwkyPNY2U=,4ZOnUi4u40bG/irOwNrwW7eBLiM=
22,13,9zthtN3XNiay+qj8UTYwkyPNY2U=,4ZOnUi4u40bG/irOwNrwW7eBLiM=
23,13,9zthtN3XNiay+qj8UTYwkyPNY2U=,4ZOnUi4u40bG/irOwNrwW7eBLiM=
22,15,9zthtN3XNiay+qj8UTYwkyPNY2U=,4ZOnUi4u40bG/irOwNrwW7eBLiM=
21,14,9zthtN3XNiay+qj8UTYwkyPNY2U=,4ZOnUi4u40bG/irOwNrwW7eBLiM=
23,15,9zthtN3XNiay+qj8UTYwkyPNY2U=,4ZOnUi4u40bG/irOwNrwW7eBLiM=
18,11,9zthtN3XNiay+qj8UTYwkyPNY2U=,4ZOnUi4u40bG/irOwNrwW7eBLiM=
16,12,9zthtN3XNiay+qj8UTYwkyPNY2U=,4ZOnUi4u40bG/irOwNrwW7eBLiM=
17,12,9zthtN3XNiay+qj8UTYwkyPNY2U=,4ZOnUi4u40bG/irOwNrwW7eBLiM=
18,12,9zthtN3XNiay+qj8UTYwkyPNY2U=,4ZOnUi4u40bG/irOwNrwW7eBLiM=
17,11,eS5xR2Q19JP9rvLTpbItXwnHfXQ=,4ZOnUi4u40bG/irOwNrwW7eBLiM=
16,9,eS5xR2Q19JP9rvLTpbItXwnHfXQ=,4ZOnUi4u40bG/irOwNrwW7eBLiM=
17,9,eS5xR2Q19JP9rvLTpbItXwnHfXQ=,4ZOnUi4u40bG/irOwNrwW7eBLiM=
16,11,eS5xR2Q19JP9rvLTpbItXwnHfXQ=,4ZOnUi4u40bG/irOwNrwW7eBLiM=
18,9,eS5xR2Q19JP9rvLTpbItXwnHfXQ=,4ZOnUi4u40bG/irOwNrwW7eBLiM=
16,10,eS5xR2Q19JP9rvLTpbItXwnHfXQ=,4ZOnUi4u40bG/irOwNrwW7eBLiM=
17,10,eS5xR2Q19JP9rvLTpbItXwnHfXQ=,4ZOnUi4u40bG/irOwNrwW7eBLiM=
18,10,eS5xR2Q19JP9rvLTpbItXwnHfXQ=,4ZOnUi4u40bG/irOwNrwW7eBLiM=
18,5,eS5xR2Q19JP9rvLTpbItXwnHfXQ=,qLerHF6fAfjhsdFuRlJ5Y8ZShJ0=
16,7,eS5xR2Q19JP9rvLTpbItXwnHfXQ=,qLerHF6fAfjhsdFuRlJ5Y8ZShJ0=
18,8,eS5xR2Q19JP9rvLTpbItXwnHfXQ=,4ZOnUi4u40bG/irOwNrwW7eBLiM=
16,4,eS5xR2Q19JP9rvLTpbItXwnHfXQ=,qLerHF6fAfjhsdFuRlJ5Y8ZShJ0=
17,7,eS5xR2Q19JP9rvLTpbItXwnHfXQ=,qLerHF6fAfjhsdFuRlJ5Y8ZShJ0=
18,7,eS5xR2Q19JP9rvLTpbItXwnHfXQ=,qLerHF6fAfjhsdFuRlJ5Y8ZShJ0=
17,8,eS5xR2Q19JP9rvLTpbItXwnHfXQ=,4ZOnUi4u40bG/irOwNrwW7eBLiM=
17,3,eS5xR2Q19JP9rvLTpbItXwnHfXQ=,qLerHF6fAfjhsdFuRlJ5Y8ZShJ0=
17,5,eS5xR2Q19JP9rvLTpbItXwnHfXQ=,qLerHF6fAfjhsdFuRlJ5Y8ZShJ0=
16,8,eS5xR2Q19JP9rvLTpbItXwnHfXQ=,4ZOnUi4u40bG/irOwNrwW7eBLiM=
18,3,eS5xR2Q19JP9rvLTpbItXwnHfXQ=,qLerHF6fAfjhsdFuRlJ5Y8ZShJ0=
16,3,eS5xR2Q19JP9rvLTpbItXwnHfXQ=,qLerHF6fAfjhsdFuRlJ5Y8ZShJ0=
17,6,eS5xR2Q19JP9rvLTpbItXwnHfXQ=,qLerHF6fAfjhsdFuRlJ5Y8ZShJ0=
16,6,eS5xR2Q19JP9rvLTpbItXwnHfXQ=,qLerHF6fAfjhsdFuRlJ5Y8ZShJ0=
18,4,eS5xR2Q19JP9rvLTpbItXwnHfXQ=,qLerHF6fAfjhsdFuRlJ5Y8ZShJ0=
17,4,eS5xR2Q19JP9rvLTpbItXwnHfXQ=,qLerHF6fAfjhsdFuRlJ5Y8ZShJ0=
18,6,eS5xR2Q19JP9rvLTpbItXwnHfXQ=,qLerHF6fAfjhsdFuRlJ5Y8ZShJ0=
16,5,eS5xR2Q19JP9rvLTpbItXwnHfXQ=,qLerHF6fAfjhsdFuRlJ5Y8ZShJ0=
17,13,eS5xR2Q19JP9rvLTpbItXwnHfXQ=,4ZOnUi4u40bG/irOwNrwW7eBLiM=
18,13,eS5xR2Q19JP9rvLTpbItXwnHfXQ=,4ZOnUi4u40bG/irOwNrwW7eBLiM=
17,14,eS5xR2Q19JP9rvLTpbItXwnHfXQ=,4ZOnUi4u40bG/irOwNrwW7eBLiM=
18,15,eS5xR2Q19JP9rvLTpbItXwnHfXQ=,4ZOnUi4u40bG/irOwNrwW7eBLiM=
17,15,eS5xR2Q19JP9rvLTpbItXwnHfXQ=,4ZOnUi4u40bG/irOwNrwW7eBLiM=
16,15,eS5xR2Q19JP9rvLTpbItXwnHfXQ=,4ZOnUi4u40bG/irOwNrwW7eBLiM=
18,14,eS5xR2Q19JP9rvLTpbItXwnHfXQ=,4ZOnUi4u40bG/irOwNrwW7eBLiM=
16,13,eS5xR2Q19JP9rvLTpbItXwnHfXQ=,4ZOnUi4u40bG/irOwNrwW7eBLiM=
17,1,eS5xR2Q19JP9rvLTpbItXwnHfXQ=,qLerHF6fAfjhsdFuRlJ5Y8ZShJ0=
16,14,eS5xR2Q19JP9rvLTpbItXwnHfXQ=,4ZOnUi4u40bG/irOwNrwW7eBLiM=
20,0,eS5xR2Q19JP9rvLTpbItXwnHfXQ=,qLerHF6fAfjhsdFuRlJ5Y8ZShJ0=
18,2,eS5xR2Q19JP9rvLTpbItXwnHfXQ=,qLerHF6fAfjhsdFuRlJ5Y8ZShJ0=
19,0,eS5xR2Q19JP9rvLTpbItXwnHfXQ=,qLerHF6fAfjhsdFuRlJ5Y8ZShJ0=
18,0,eS5xR2Q19JP9rvLTpbItXwnHfXQ=,qLerHF6fAfjhsdFuRlJ5Y8ZShJ0=
19,2,eS5xR2Q19JP9rvLTpbItXwnHfXQ=,qLerHF6fAfjhsdFuRlJ5Y8ZShJ0=
20,1,eS5xR2Q19JP9rvLTpbItXwnHfXQ=,qLerHF6fAfjhsdFuRlJ5Y8ZShJ0=
20,2,eS5xR2Q19JP9rvLTpbItXwnHfXQ=,qLerHF6fAfjhsdFuRlJ5Y8ZShJ0=
19,1,eS5xR2Q19JP9rvLTpbItXwnHfXQ=,qLerHF6fAfjhsdFuRlJ5Y8ZShJ0=
17,0,eS5xR2Q19JP9rvLTpbItXwnHfXQ=,qLerHF6fAfjhsdFuRlJ5Y8ZShJ0=
17,2,eS5xR2Q19JP9rvLTpbItXwnHfXQ=,qLerHF6fAfjhsdFuRlJ5Y8ZShJ0=
18,1,eS5xR2Q19JP9rvLTpbItXwnHfXQ=,qLerHF6fAfjhsdFuRlJ5Y8ZShJ0=
16,1,eS5xR2Q19JP9rvLTpbItXwnHfXQ=,qLerHF6fAfjhsdFuRlJ5Y8ZShJ0=
16,0,eS5xR2Q19JP9rvLTpbItXwnHfXQ=,qLerHF6fAfjhsdFuRlJ5Y8ZShJ0=
23,1,eS5xR2Q19JP9rvLTpbItXwnHfXQ=,qLerHF6fAfjhsdFuRlJ5Y8ZShJ0=
22,0,eS5xR2Q19JP9rvLTpbItXwnHfXQ=,qLerHF6fAfjhsdFuRlJ5Y8ZShJ0=
23,0,eS5xR2Q19JP9rvLTpbItXwnHfXQ=,qLerHF6fAfjhsdFuRlJ5Y8ZShJ0=
16,2,eS5xR2Q19JP9rvLTpbItXwnHfXQ=,qLerHF6fAfjhsdFuRlJ5Y8ZShJ0=
23,2,eS5xR2Q19JP9rvLTpbItXwnHfXQ=,qLerHF6fAfjhsdFuRlJ5Y8ZShJ0=
21,1,eS5xR2Q19JP9rvLTpbItXwnHfXQ=,qLerHF6fAfjhsdFuRlJ5Y8ZShJ0=
21,0,eS5xR2Q19JP9rvLTpbItXwnHfXQ=,qLerHF6fAfjhsdFuRlJ5Y8ZShJ0=
22,2,eS5xR2Q19JP9rvLTpbItXwnHfXQ=,qLerHF6fAfjhsdFuRlJ5Y8ZShJ0=
22,1,eS5xR2Q19JP9rvLTpbItXwnHfXQ=,qLerHF6fAfjhsdFuRlJ5Y8ZShJ0=
21,2,eS5xR2Q19JP9rvLTpbItXwnHfXQ=,qLerHF6fAfjhsdFuRlJ5Y8ZShJ0=
